<?xml version="1.0" encoding="UTF-8"?>
<kml xmlns="http://www.opengis.net/kml/2.2" xmlns:atom="http://www.w3.org/2005/Atom"><Document><name>Parco Locale del Monte Baldo</name><description>Parco Locale del Monte Baldo</description><open>1</open><atom:author><atom:name>Parco Naturale Locale del Monte Baldo</atom:name></atom:author><atom:link href="http://www.parks.it/parco.locale.monte.baldo/map.php"/><Style id="ConfineAltreAree">
					  <LineStyle>
						<color>9f00ffff</color>
						<width>2</width>
					  </LineStyle>
					  <PolyStyle>
						<color>5500ffff</color>
						<fill>1</fill>  
					  </PolyStyle>
					</Style><Placemark id="VRPMB"><name>Parco Locale del Monte Baldo</name><description>Perimetro dell'area protetta</description><styleUrl>#ConfineAltreAree</styleUrl><Polygon><outerBoundaryIs><LinearRing><coordinates>10.908696721362308,45.873614642775401,0 10.916405771326545,45.872361861334035,0 10.916419179851468,45.872383671706658,0 10.916420741956424,45.872386102780617,0 10.920024902974246,45.871457247264999,0 10.920478377632868,45.871340368672442,0 10.920501297436619,45.87132286365798,0 10.921926545902659,45.870234547305749,0 10.922219400510235,45.870007221460106,0 10.922240496540478,45.869710453771759,0 10.922197524855687,45.86954718938739,0 10.921858809870642,45.86912599113144,0 10.921858591572219,45.869125726717023,0 10.921448833168293,45.868544336172988,0 10.921249945451615,45.867912665790371,0 10.922224505314013,45.867344679923342,0 10.92273057068569,45.867048059521032,0 10.923292300405697,45.865921257148948,0 10.923623180972521,45.86524789634047,0 10.923648393408143,45.865196295628351,0 10.924332007145468,45.865049416252653,0 10.924551428856013,45.862818408410973,0 10.924565935704594,45.862692577086847,0 10.924543554897337,45.862653050335496,0 10.924376115319339,45.862460586592555,0 10.924375890209982,45.86246032943918,0 10.924299540943055,45.862373485744918,0 10.924299511231377,45.862373445043495,0 10.924299318078248,45.862373225257379,0 10.924263756517567,45.862309107018845,0 10.924189829053731,45.862141092467461,0 10.924455524350909,45.862125675383233,0 10.924752427974006,45.862107621725336,0 10.924748447668723,45.862062314432052,0 10.924731784296116,45.861930993902895,0 10.924659883901649,45.861198096563996,0 10.924599734985113,45.860691157147407,0 10.92437268051942,45.860063312152526,0 10.924637769567033,45.859703150763828,0 10.92488686943077,45.859409216527155,0 10.924886936695156,45.859409137933866,0 10.923826832803483,45.858729708534042,0 10.923826516844521,45.858729506746741,0 10.923834679705383,45.858724606314908,0 10.923864767006538,45.858706549718526,0 10.92393641801387,45.858478082579254,0 10.923952717706406,45.858358051408381,0 10.923952730315657,45.85835796110095,0 10.923899495013895,45.858318237521758,0 10.923830106322777,45.858256725328999,0 10.923829948973811,45.858256585694875,0 10.923812713503567,45.858220525925589,0 10.923838822524083,45.858168910011223,0 10.924805602284456,45.85756276311983,0 10.925032099057507,45.857412600010129,0 10.925115491529439,45.857409358071216,0 10.925160920492079,45.857390122937204,0 10.925200242302806,45.857360785803948,0 10.925212801822628,45.857332050796465,0 10.92520286776589,45.857286159878647,0 10.925202843108972,45.857286037786864,0 10.925152031315481,45.857248756496993,0 10.925085119895657,45.857196920386649,0 10.92497862672831,45.857120898238051,0 10.924879290403736,45.857193787992529,0 10.924853233518407,45.857239106510171,0 10.924852849281189,45.857291641148798,0 10.924468180942711,45.857537562877177,0 10.924142349253204,45.857759267462633,0 10.923930302934584,45.857902296430083,0 10.92377726232022,45.857999606204991,0 10.92370803051886,45.858036643733591,0 10.92365657483508,45.858035071139014,0 10.923392485750885,45.857974199935342,0 10.92307908112017,45.857900882558468,0 10.922930061409906,45.857869112894072,0 10.922582595148995,45.857808778147863,0 10.922119796926095,45.857754873595617,0 10.921641538230425,45.857703866936433,0 10.921398723129796,45.857560368756943,0 10.921398636468366,45.857560318025492,0 10.921373712201429,45.857519773143586,0 10.921365221740796,45.857505969905354,0 10.921365049361198,45.857505690433861,0 10.921158918434379,45.857574695063917,0 10.921045191668265,45.857612765541901,0 10.921032178122404,45.85761770285464,0 10.920826008890389,45.857695936773986,0 10.920799745074229,45.857706245477424,0 10.92079940906083,45.85770605445682,0 10.920687640507181,45.857641472845792,0 10.920762756680316,45.857324624946081,0 10.920780371865066,45.85721161983237,0 10.921067503408173,45.856940443849318,0 10.921509406074916,45.8565230966543,0 10.921366585052361,45.856435332068799,0 10.921564571783648,45.856251664813378,0 10.921646670056669,45.856137573114871,0 10.921785867860354,45.856120203533486,0 10.92179169326174,45.855977341649989,0 10.92191833451875,45.855907583024248,0 10.921333076473058,45.855151007056513,0 10.921296173586155,45.855016377478961,0 10.921332696368479,45.854827912710924,0 10.921608274101773,45.854586621417361,0 10.921629188031355,45.854541406624186,0 10.921722790297252,45.854454325077945,0 10.921797548657478,45.854381064870118,0 10.921813544906518,45.854331291783119,0 10.921785258916215,45.854304767172124,0 10.921707401206584,45.854288073970032,0 10.921671006750879,45.854306689342188,0 10.921656488969873,45.854319810036444,0 10.921372471459259,45.85413710814808,0 10.921154943057509,45.853892082509361,0 10.921054484740191,45.853692372164581,0 10.92103554712449,45.853654730954183,0 10.920932653866055,45.853379799073522,0 10.920872401070334,45.85305130486033,0 10.92081654887925,45.852592175594737,0 10.920816071364829,45.85244919113989,0 10.920810788607499,45.851908385130514,0 10.920878562572177,45.851422310051817,0 10.920921686626965,45.851253721134121,0 10.921018971070392,45.850978529867255,0 10.921017211530996,45.850798262056124,0 10.920966971302573,45.850631247090483,0 10.920837543678171,45.850463587157556,0 10.920831940965565,45.850456329829676,0 10.92056477884171,45.850190377403081,0 10.920444262733653,45.850049411137547,0 10.920128688779462,45.849669254701894,0 10.919951678044947,45.849308526955291,0 10.919783033529708,45.848932117438864,0 10.919268689049243,45.848160184009963,0 10.919319598197234,45.848144952374419,0 10.920222424867687,45.849092284030988,0 10.921282837772742,45.848458448384655,0 10.921279955081147,45.848456781218083,0 10.921056093410568,45.848295388738705,0 10.920867583964723,45.848188303344969,0 10.920778043765369,45.848105205846544,0 10.920986055166056,45.847922233253861,0 10.921155851552214,45.847747915450185,0 10.921400429208905,45.847568560998766,0 10.921509679211184,45.847453674098595,0 10.921643799293648,45.847073932717535,0 10.92173899349862,45.846992228326592,0 10.921621744427041,45.846908514310584,0 10.921565732964854,45.846856535546372,0 10.921461887618461,45.846601135376225,0 10.92144204893474,45.846582387591667,0 10.921350470601775,45.846428760488017,0 10.92130592287309,45.846290810439186,0 10.921200059113721,45.846122569321757,0 10.920756128747385,45.845760023997066,0 10.920333020710846,45.845467060533515,0 10.919967006006354,45.845287445797595,0 10.919622200405001,45.845057787040119,0 10.919513465477593,45.844940718326207,0 10.919075094852733,45.844267373004037,0 10.91899931549519,45.844179721048448,0 10.918947249812261,45.84414504439318,0 10.918542606651082,45.843725575767252,0 10.918167784709432,45.843405333192116,0 10.917967171622493,45.843177838339066,0 10.917702689172936,45.842819285267439,0 10.917660812158481,45.842788577498986,0 10.917600725490372,45.84270390072394,0 10.917475621749681,45.842574955707455,0 10.917401766272233,45.842468098766254,0 10.917160276751202,45.842290754762793,0 10.917157087559115,45.842288412525939,0 10.916956622513688,45.842166040260267,0 10.916894052231516,45.842113989604677,0 10.916824055191038,45.841999596217946,0 10.916689566776702,45.841838252112403,0 10.916307115088005,45.841350202598008,0 10.916157598162673,45.84106711219615,0 10.916127334098874,45.840812089367475,0 10.9161031724972,45.840608512384847,0 10.916036532437181,45.840047010494885,0 10.915883152253285,45.839651251655752,0 10.915817296576204,45.839299116768238,0 10.915795111340644,45.838653140800503,0 10.915796485137578,45.838066892316725,0 10.91584247451679,45.837840647002658,0 10.915940078813907,45.837463700251568,0 10.915941128917931,45.837459650322678,0 10.915962298728248,45.837377883667799,0 10.915967829432425,45.837356524006353,0 10.91596882438972,45.837356476552898,0 10.916030601072139,45.837412152015283,0 10.916075708154537,45.837458246030451,0 10.916198654228005,45.837550680932196,0 10.916292978254988,45.83759028033294,0 10.916429609120582,45.83764620665157,0 10.91649472468613,45.837669571168618,0 10.916572788223139,45.837702183346813,0 10.916644230806302,45.837739322338599,0 10.916870085499491,45.837949206017157,0 10.916960659855329,45.838018520135911,0 10.916987030469761,45.838037351922907,0 10.917002723607393,45.838048558670835,0 10.917022173844721,45.838062448070751,0 10.917145383798982,45.838138868569864,0 10.917216974290044,45.838166856199329,0 10.91729198069654,45.838185717584267,0 10.917357353395476,45.838193066695965,0 10.917448917195376,45.838200611171928,0 10.917557017841609,45.838197135192914,0 10.917812820051655,45.838183533841203,0 10.917853161868615,45.838188996712887,0 10.917869747462669,45.838191243650357,0 10.917910389274697,45.838196744864298,0 10.917919818395058,45.838198023122303,0 10.918108809690226,45.83827394288344,0 10.918116618498425,45.838279415242475,0 10.918122099472489,45.838281371772176,0 10.91812996189892,45.83828876984122,0 10.918368005255205,45.838455689047038,0 10.918555060839672,45.838668894735996,0 10.91858393982776,45.838688968978012,0 10.918616084894323,45.838711316547091,0 10.918623195672001,45.838716257277298,0 10.918728897571226,45.83873504270845,0 10.91874032159302,45.838736435166616,0 10.918794361240943,45.83873998436394,0 10.918818826469888,45.83874159338427,0 10.91892687471066,45.838742393769692,0 10.91906129237587,45.838731952225309,0 10.919096894288881,45.838729454933748,0 10.919149800816403,45.838725743409604,0 10.919235072503152,45.838717223359339,0 10.919313798511867,45.838708655016873,0 10.919399107801654,45.838697847769041,0 10.919465172881484,45.838687872005934,0 10.91952162417231,45.838675137906627,0 10.919546914527848,45.83866920280478,0 10.919671621450675,45.838651821583809,0 10.919973383998197,45.838619738686319,0 10.920098053109033,45.838604646275257,0 10.920245676639588,45.838587437348743,0 10.92037358477771,45.838574657383738,0 10.920521208000402,45.83855744426026,0 10.920645804846243,45.838546928648157,0 10.920714635163707,45.838542861843571,0 10.920826060652358,45.838536820672836,0 10.920920974225911,45.838539813353485,0 10.920944546089796,45.83853933068945,0 10.92100285981936,45.838538131894616,0 10.921068378903838,45.838536327899696,0 10.921163326813389,45.838537030061943,0 10.921555377589074,45.838592552797621,0 10.921692705057431,45.838605009335318,0 10.92180711810231,45.838617296388243,0 10.92191393922378,45.838623367588298,0 10.921990716901139,45.838627733587906,0 10.922130996253921,45.838635706030416,0 10.922274801488255,45.83865278176664,0 10.922800748928481,45.83872682420494,0 10.922892294816343,45.838739709356268,0 10.922974218127926,45.8387357399546,0 10.923607298931206,45.838672969391524,0 10.923639983358736,45.838669727635576,0 10.923698588458576,45.838690749729949,0 10.923744171809213,45.838707102885699,0 10.923809289197923,45.838730463199319,0 10.923854909188675,45.838744525954283,0 10.92389718311369,45.838763142124172,0 10.923939381318421,45.83878633189093,0 10.923988092590879,45.838811860440892,0 10.924016741242911,45.838822733184251,0 10.92405388560779,45.838836276644216,0 10.924079264356063,45.838844565318617,0 10.924083633064662,45.838845940944459,0 10.92413139584645,45.838860962937105,0 10.924222815741521,45.838877655121443,0 10.924311176257126,45.838880591117587,0 10.924389827651137,45.83887659836153,0 10.924455452989852,45.838867930204131,0 10.92454738651859,45.838852588436602,0 10.924672162378876,45.838830630450396,0 10.924741244363783,45.838810546930098,0 10.924797266927857,45.838788080558857,0 10.924876425264314,45.838752055533945,0 10.925004803140505,45.83870953100871,0 10.925126304747435,45.838687544752226,0 10.925160570761198,45.838683354625168,0 10.925267377895269,45.838670279865603,0 10.925362542579418,45.838657255671748,0 10.92545774445588,45.838641939383919,0 10.925539814498922,45.838628815498637,0 10.92558925355045,45.838608589045705,0 10.925619080379468,45.838585928264656,0 10.925676073100735,45.838553464851479,0 10.925698383537377,45.838540753903381,0 10.925784268625076,45.838493335345412,0 10.925850617259607,45.838438915982096,0 10.925935270382272,45.838359680921101,0 10.926042235090817,45.838279713043832,0 10.926169186033645,45.838210295836213,0 10.926283470982705,45.83814693839593,0 10.92637669436831,45.838095013924558,0 10.926535405800218,45.837986479535921,0 10.926665784074418,45.837913950612254,0 10.926904131849909,45.837768866562968,0 10.927037709493336,45.837683635282517,0 10.92721816675108,45.837581021059563,0 10.927393555015895,45.837503378722069,0 10.927539710771143,45.837438681255939,0 10.92768486268057,45.83734495523408,0 10.927770548179032,45.837248084985809,0 10.927815280487438,45.837176962263442,0 10.927854941961346,45.837113899644613,0 10.927879606619937,45.837083050355105,0 10.927880646269747,45.837081748949124,0 10.927898665071359,45.83705920775445,0 10.92792890914196,45.83702137473577,0 10.927992581605867,45.836974662879243,0 10.928092283573369,45.836939788606628,0 10.928204274544052,45.836917154787109,0 10.928242349271633,45.83691916765644,0 10.928268214868055,45.836920536210741,0 10.928302710851854,45.836922357317576,0 10.928382670534152,45.836926586190764,0 10.928391570052286,45.836926707328459,0 10.928519250629929,45.836928429616783,0 10.928619235654496,45.836901848764626,0 10.928713720059541,45.836887807047887,0 10.928849293667085,45.836860623410374,0 10.928977936623694,45.836804515188668,0 10.929105719345701,45.836723528663754,0 10.929180254984203,45.836647590657044,0 10.929323054716026,45.836518655203079,0 10.92941182888703,45.83646393406795,0 10.929553219147763,45.836375003591854,0 10.929714350042316,45.836272387745154,0 10.929875550630507,45.836158326732551,0 10.929912086017369,45.836129929851694,0 10.929948067864819,45.836101822486299,0 10.930003340490817,45.836058649777748,0 10.930096085609119,45.835984891540349,0 10.930171714836202,45.835937004045995,0 10.930237473676621,45.83589596354112,0 10.930283558336615,45.835859448208993,0 10.930292111703885,45.835853519980361,0 10.930342768706602,45.83581838700924,0 10.930378979890746,45.835788719288033,0 10.930431673042094,45.835743063996226,0 10.930449503853232,45.83572562694539,0 10.930449887580668,45.835725314465527,0 10.930450896608107,45.835724266259803,0 10.930502876395851,45.835670056239998,0 10.930537205008967,45.835628866653217,0 10.930614125962494,45.835536577919491,0 10.930636214773468,45.835510075263954,0 10.930712287045832,45.83539351351196,0 10.930811387577108,45.835260989127505,0 10.930900658732179,45.835128436342316,0 10.930935564030833,45.83506976826866,0 10.930960159183005,45.835028420618073,0 10.930976805632309,45.835000432679777,0 10.93102322805003,45.834911271460236,0 10.93105640393534,45.8348449673354,0 10.931058126975341,45.834842000766635,0 10.931058195001068,45.834841877108857,0 10.931064082962484,45.834831716286949,0 10.931116011182651,45.834742103474511,0 10.931175607742853,45.83464152620634,0 10.931248345398842,45.834534114597894,0 10.931321019262107,45.834435859688504,0 10.931400276541682,45.834333043029474,0 10.931466392327422,45.834237060654644,0 10.931522633213106,45.834147920525417,0 10.931572169591425,45.834083947953999,0 10.931631434335225,45.834033729482805,0 10.931723534688452,45.833969859977884,0 10.93182200875839,45.83393347156828,0 10.931900776441463,45.833906195185264,0 10.931930051627475,45.833896054885798,0 10.931991209182996,45.833874877006338,0 10.932032054801697,45.833860730049643,0 10.932156799303071,45.833812959192642,0 10.932222362994715,45.833801672085677,0 10.932278074404335,45.833794942112569,0 10.932340364499016,45.833783647139704,0 10.932448570511671,45.833761016034792,0 10.932515557546992,45.833749484933819,0 10.932552054942459,45.833743202411746,0 10.93255998383318,45.833741838788804,0 10.932566588378707,45.833740699188155,0 10.932701010336492,45.833715845450804,0 10.93279273673396,45.833709196927941,0 10.932868055858288,45.833709378767317,0 10.932874265019169,45.833709167669291,0 10.932919486146799,45.833707614094571,0 10.932930284042058,45.833707240189995,0 10.932987431695787,45.83370374932629,0 10.933038387706834,45.833700635152184,0 10.933130090329668,45.83369856624364,0 10.933221805651339,45.833694209502376,0 10.933349661858635,45.833671626217999,0 10.933418201475092,45.833619574271005,0 10.93341876818787,45.833619145515058,0 10.933524022983544,45.833546146177227,0 10.933655707454271,45.83343658644646,0 10.93368613929468,45.833409466753608,0 10.933688669849062,45.833407492355981,0 10.9337146201457,45.833384083104313,0 10.933747922025459,45.833354400375867,0 10.933826670666875,45.833299791662064,0 10.933882782785135,45.83326087083293,0 10.934096680752249,45.833096571695776,0 10.934213910128463,45.832998429553172,0 10.934221808656805,45.832991817172221,0 10.934229143423932,45.832985673054914,0 10.934271172419939,45.83295048885212,0 10.934310081800202,45.832922505215393,0 10.934448818346906,45.832822722442771,0 10.934631416833387,45.832678334417352,0 10.934707419877759,45.832609955679388,0 10.934817570353793,45.83251000125221,0 10.934926270286454,45.832409542253025,0 10.935071167491191,45.832281700050309,0 10.935183025170579,45.832199561278586,0 10.935314647312733,45.832099153037575,0 10.935419929115836,45.832021577480639,0 10.935498880812025,45.831964539272448,0 10.93556796241487,45.831914341368815,0 10.935607405622868,45.831891547403416,0 10.935673110010498,45.831857367290425,0 10.935751843725273,45.831834665000684,0 10.93584367808957,45.83181199113627,0 10.93602416351227,45.831750616205646,0 10.936047099109077,45.831740938834713,0 10.936175194009403,45.831686883596809,0 10.936250770669664,45.831645860502462,0 10.936358672694649,45.831573220724032,0 10.936465181996443,45.831494060449025,0 10.936536954970377,45.831440522348778,0 10.936718013214037,45.831289872901721,0 10.936872712658518,45.831164340902141,0 10.936883021260437,45.831156788709905,0 10.93704707133811,45.83103656681341,0 10.937139335683293,45.83094522309311,0 10.937297322136027,45.830817406000271,0 10.937471866385033,45.830659875733026,0 10.937550325409656,45.830588237996928,0 10.937678390232247,45.830474958643123,0 10.937728717526625,45.830431572678556,0 10.937834111481086,45.830335681614656,0 10.937903336544457,45.830262592855149,0 10.937970023362983,45.830208886327355,0 10.938005364406566,45.830180427428616,0 10.938107285842568,45.830114285324413,0 10.938258428802094,45.830032236675834,0 10.938425800009524,45.829973116397731,0 10.938548145420029,45.829923467445994,0 10.938560392316793,45.829918496620515,0 10.938691757817555,45.82985700234255,0 10.938882218700313,45.829770465794361,0 10.938958732520767,45.829723635799567,0 10.938982469499006,45.829709104895755,0 10.938986960180516,45.829706355465461,0 10.939049862336825,45.829667853529649,0 10.939145193712532,45.829608560297324,0 10.939273321755671,45.829540189549547,0 10.939417868176632,45.829464991481785,0 10.939549016341877,45.82943782902133,0 10.939585674832706,45.82943296160947,0 10.939650606076649,45.829424334382665,0 10.939804642368573,45.829401806873712,0 10.939932483479891,45.829379214796987,0 10.940099719899898,45.829340697090458,0 10.940561679770896,45.82929600054841,0 10.940827229548573,45.829243973779491,0 10.941030580807082,45.829189511082816,0 10.941188117176821,45.829130363240616,0 10.941272472924597,45.829096247457528,0 10.941367880772544,45.82905479435987,0 10.941431108169031,45.829021057341784,0 10.941459770778561,45.828994556188476,0 10.941520028330475,45.828938856088513,0 10.941612443385496,45.828822329408567,0 10.941701668150417,45.828692060189852,0 10.941790960296428,45.828550343231527,0 10.941847329034639,45.828438309840585,0 10.941884032515205,45.828328519236941,0 10.941924042331344,45.828214157744327,0 10.941954243880609,45.828097484267886,0 10.941978024572284,45.827960192491055,0 10.94198154009197,45.827921287279977,0 10.94198098581043,45.827910391303639,0 10.941978778453858,45.827860175874079,0 10.941982547899959,45.827761051241119,0 10.941980062662909,45.827635147682756,0 10.941970844167161,45.827538981889532,0 10.941850995812969,45.827332682411907,0 10.941779538635737,45.827240952169156,0 10.941724349473898,45.827165284480316,0 10.941707578814851,45.827141586590912,0 10.94166422582582,45.827084178450853,0 10.941647716933607,45.827059352106296,0 10.941594477074698,45.826991008833112,0 10.941532682527676,45.826924479911504,0 10.941487192994504,45.826869435669892,0 10.941467764343361,45.826835055515375,0 10.94144847703032,45.826777782103775,0 10.941442189601206,45.826736560954295,0 10.941442551356262,45.826679446888186,0 10.941439827678035,45.826663243029515,0 10.941442754064116,45.82664706619299,0 10.941442793340981,45.82664042262963,0 10.941426925340796,45.826560265066654,0 10.94141934868246,45.826541420501755,0 10.941394690423982,45.826480074747053,0 10.941365709836949,45.826402173785958,0 10.941349946541433,45.826305995007935,0 10.941331166126028,45.826168606506478,0 10.941289421339572,45.82603802870495,0 10.94120504222537,45.825918798500062,0 10.941110671724408,45.825827014446887,0 10.940996483439445,45.825762653425485,0 10.940833298944485,45.825679863073638,0 10.940670052008697,45.825606225935445,0 10.94052322541817,45.825525765585283,0 10.940511197593599,45.825518627141996,0 10.940429044399998,45.825474491615381,0 10.940343714124973,45.825436067889591,0 10.940206740939994,45.82535104978556,0 10.940115399294355,45.825298185812812,0 10.940007715037639,45.82524070561599,0 10.939913142552291,45.825180964493391,0 10.93981222457335,45.825089162009263,0 10.939756930001604,45.825031804857346,0 10.939675526551261,45.824960652115941,0 10.939580926151097,45.824905489032155,0 10.939482979941225,45.824861766581819,0 10.939394899640021,45.824811200123065,0 10.939300376823235,45.824744591707855,0 10.939238518310072,45.824689505843267,0 10.939173530101916,45.82461152288937,0 10.939146122838721,45.824585474281278,0 10.93912089461389,45.824562051985168,0 10.939117987535427,45.824560114292247,0 10.939114644765493,45.824555564083624,0 10.939098676294746,45.824540382693435,0 10.939010814866728,45.82445548142644,0 10.938939265684231,45.824379772008136,0 10.938887329709406,45.824308685418877,0 10.938830059953689,45.824226123053215,0 10.938806220465219,45.824191748634476,0 10.938741465651153,45.82407714147579,0 10.938660283068916,45.8239716512591,0 10.938657682202964,45.823967623524112,0 10.938640925063943,45.823941668710809,0 10.938592194984626,45.823866190898222,0 10.938540365343991,45.823779084562069,0 10.938485184769531,45.823703411831445,0 10.938476251423909,45.823687070463166,0 10.938446346568911,45.823632356553389,0 10.938423779825223,45.823577367027156,0 10.938414288445109,45.823524695304179,0 10.938411459366593,45.823495127150622,0 10.938409694675203,45.823489902440485,0 10.938384551618155,45.823415428416617,0 10.93852223159411,45.823174856127558,0 10.938377521397621,45.822862502753786,0 10.938097255259542,45.822501400894978,0 10.938022358943638,45.822255260497613,0 10.938014834465584,45.822230533327755,0 10.937999424741525,45.822137203072387,0 10.938360958478503,45.822269707268177,0 10.938725881497719,45.822103059128679,0 10.939086984820403,45.822020586569145,0 10.939741740997428,45.822009465287664,0 10.940359238379932,45.821973525046339,0 10.939933408820167,45.821764456807401,0 10.9396495503747,45.821451183548653,0 10.939347502278684,45.82113821951264,0 10.938954082505191,45.82081407922999,0 10.938248389582679,45.820406175927985,0 10.937881116929052,45.820310620010829,0 10.93712838261588,45.820119810910967,0 10.936646694109221,45.819873505733867,0 10.93649678397254,45.8197488087987,0 10.936445853000617,45.81932978830897,0 10.936091480930557,45.819081320033106,0 10.93564618009766,45.818834392164646,0 10.935095289551203,45.818691044683582,0 10.934636215864685,45.818571584281884,0 10.934466808780861,45.818409044568689,0 10.934072993119605,45.818072174108487,0 10.933864129122451,45.817821235484949,0 10.93331892707765,45.817744804363912,0 10.932805247769791,45.81778527961616,0 10.932330390748552,45.817876877144272,0 10.931864631660675,45.817847620354229,0 10.93130694222714,45.817847771587452,0 10.930857026117543,45.817892518948973,0 10.930368252236995,45.817965775080168,0 10.930049116234734,45.817952599648955,0 10.929845886563257,45.817835336735754,0 10.929451633350963,45.817377768044423,0 10.929120953577467,45.817030541241394,0 10.928382552241409,45.816411661594927,0 10.927992261538172,45.816260412524123,0 10.92771820523709,45.816014355818162,0 10.927187991426752,45.815271252221336,0 10.927038955756805,45.814800254199682,0 10.926826453035623,45.814413887595713,0 10.926564720876289,45.814139763021323,0 10.926559277234771,45.813982018771632,0 10.92678756691169,45.813671772384836,0 10.927180853353928,45.81352586646733,0 10.927474416053851,45.813443184564399,0 10.927563079730456,45.813392511469253,0 10.927632811067356,45.813352660006132,0 10.927668837225847,45.813330383447493,0 10.927735627629104,45.813191602113051,0 10.927813383331769,45.812808574151681,0 10.927715433908949,45.812606647312542,0 10.9273177510888,45.812155301461935,0 10.92708812398171,45.811828359882909,0 10.92708329794989,45.811688478738397,0 10.926752465877064,45.811592268285942,0 10.926072186387177,45.811387442282111,0 10.925748235084793,45.81120608616714,0 10.925764829142928,45.811171752961386,0 10.924973875585353,45.810667982032108,0 10.924373576211423,45.810143697442648,0 10.924365252638804,45.809902085594608,0 10.924413669573482,45.809723137436002,0 10.924221314727507,45.809421004712341,0 10.924099940029583,45.809066783971303,0 10.923878674462909,45.807925368438319,0 10.923808796441909,45.80748120816839,0 10.923786452831557,45.806832669256401,0 10.923912199930989,45.806257977267499,0 10.92388394594248,45.805965805073932,0 10.923634431366557,45.805588294824972,0 10.923474957357366,45.805183818985817,0 10.923531042716345,45.80469936664651,0 10.923376825375477,45.804447485898848,0 10.923384938810894,45.804154703291374,0 10.923391730104616,45.803823766485245,0 10.923252632993385,45.803482566819376,0 10.923107413054542,45.802963334700664,0 10.923110249107188,45.802739820756202,0 10.922858693434963,45.802912146153524,0 10.922490406113038,45.803011193737426,0 10.922036763408315,45.802944554248683,0 10.921333781802238,45.802575714672038,0 10.921261590511604,45.802544389038808,0 10.921236954488727,45.802604579812375,0 10.921193438021033,45.802659487381341,0 10.921130080354276,45.802681102041795,0 10.92106576046576,45.802674709206087,0 10.921005105885881,45.80261968700043,0 10.920982633276694,45.802509850301419,0 10.920938061267659,45.802456427612711,0 10.920759732958501,45.802474369867312,0 10.920694229491565,45.802355917525745,0 10.920640304670028,45.802263421307615,0 10.920589176624496,45.802174614814433,0 10.920517912794057,45.802121639129524,0 10.920701873230437,45.802034482013596,0 10.920835444714642,45.801957515053594,0 10.920858185878865,45.80191976866292,0 10.920674463113711,45.801780888635953,0 10.920494889185372,45.801684901078374,0 10.920357381802758,45.801569524283558,0 10.920228462577862,45.801470817898441,0 10.919936517080657,45.801317941477471,0 10.918448218302437,45.800693034378163,0 10.917633218349849,45.80053959863254,0 10.917030485095033,45.800382599020566,0 10.916322893586271,45.800264492060137,0 10.916018398112616,45.800288169437486,0 10.915902179815181,45.800382965443774,0 10.915947073647898,45.800530766697527,0 10.91585930073493,45.800680791647949,0 10.915657431790285,45.800600618027943,0 10.91531717567114,45.800355642977209,0 10.914869513194857,45.800075328892767,0 10.91435298338186,45.799721887123553,0 10.913973886839157,45.799505411270246,0 10.913964145210592,45.799502083845667,0 10.913814936024956,45.799451101162099,0 10.913779881878254,45.799439125084078,0 10.913767489831219,45.799417185617472,0 10.913829577531541,45.79934853825862,0 10.9140542122126,45.79910016166702,0 10.91430057494563,45.798968419277799,0 10.914857837081614,45.798670417711158,0 10.9152912213366,45.79842026822007,0 10.915879150248319,45.79808090868756,0 10.916075143266877,45.797830447890576,0 10.916102955398204,45.797556778754682,0 10.91616972844284,45.797334499545165,0 10.916363005825078,45.797177670883428,0 10.916571269419524,45.797169600784457,0 10.916736346737455,45.797195552057261,0 10.916972938611377,45.79728078851462,0 10.917070679466494,45.797328026171911,0 10.91719214034978,45.797429141779624,0 10.917243882211494,45.79750829379514,0 10.917330346980648,45.797594422181085,0 10.917420643367969,45.797646014614735,0 10.917456396937954,45.797630476617279,0 10.91748357168205,45.797589966753087,0 10.917482003722792,45.797544269414722,0 10.917370509663687,45.797309956384268,0 10.917205011936481,45.797091667702425,0 10.917158729479672,45.796987851473098,0 10.917178297153043,45.796943181566348,0 10.917746254289911,45.796846801609533,0 10.918048769077686,45.796560830410122,0 10.91876117836558,45.796517686178696,0 10.919388683850373,45.796600803705978,0 10.91991093579478,45.796217513578931,0 10.920365361278483,45.796095313946871,0 10.920374284885002,45.796112645266199,0 10.920424264896381,45.796140431259808,0 10.92049017870573,45.796156428029946,0 10.92055521223296,45.796146785303407,0 10.920611355457767,45.796114430195892,0 10.920844222196498,45.795915207739718,0 10.921609675905362,45.795518480868353,0 10.921879448755256,45.795330066007025,0 10.921898295137813,45.79528690498239,0 10.921854945809459,45.79521994653517,0 10.921774626576566,45.795130100020401,0 10.921498996666923,45.79482178304427,0 10.921395869879797,45.794673919107865,0 10.922051806139189,45.794351934436797,0 10.922415494916599,45.794249430865925,0 10.922567874489664,45.794246871544601,0 10.922689582033319,45.79427651299472,0 10.923135045084365,45.794437796631144,0 10.923333681357745,45.794496924684474,0 10.923526312533166,45.794493689571617,0 10.924245484914151,45.794390608628476,0 10.924487444075949,45.794392573430429,0 10.92503581886994,45.794459772229025,0 10.925159168589595,45.794518272301701,0 10.925233276510347,45.794604066292884,0 10.925527652037399,45.795066891963515,0 10.925543849416647,45.795092359418561,0 10.9255703704927,45.795104063724359,0 10.925611502822617,45.79515881663233,0 10.925664579074372,45.795160805972266,0 10.925681257943266,45.795146999945807,0 10.92569510707472,45.795135539071886,0 10.925751782295569,45.795029096023306,0 10.925854451614905,45.794980384308154,0 10.925919809181867,45.794976405255568,0 10.925985726179867,45.794992488897257,0 10.926686259016098,45.795266750672212,0 10.926875616709729,45.795328998944186,0 10.92727192989871,45.795493524324904,0 10.927662133845082,45.79563016016769,0 10.927756697717635,45.795648549535237,0 10.92804668530102,45.795778139446661,0 10.928280826128036,45.795989496844243,0 10.928538883749924,45.79626759556168,0 10.928811059448561,45.796708461853456,0 10.928839701398527,45.796721931500748,0 10.928853495937567,45.796767422771374,0 10.92890988583628,45.796839110304006,0 10.929112649944159,45.796950273020308,0 10.929618966604409,45.797166132230856,0 10.929814581217371,45.797230432213233,0 10.92989025181588,45.797215835955349,0 10.930097730799391,45.797072284795433,0 10.930162865404261,45.797065517407013,0 10.93022858170915,45.797075751247419,0 10.930278567299927,45.797103531184277,0 10.930493470715257,45.797357331153677,0 10.93045675736438,45.797412046019858,0 10.930302955367534,45.797414638255987,0 10.930160396423236,45.797493277356047,0 10.92999789120573,45.797698355717188,0 10.929989009438577,45.7977802315663,0 10.930261666215507,45.798152589681003,0 10.930452695615889,45.798363319686992,0 10.930807681230784,45.798798104714891,0 10.930924444417528,45.799004502830755,0 10.930934123459373,45.799050065058509,0 10.930901216469675,45.799095713257238,0 10.930899511729505,45.79916927899351,0 10.93126139725606,45.799594855024239,0 10.931445823154696,45.799848898151311,0 10.931483889248929,45.799885429428201,0 10.931542211927324,45.799976370055582,0 10.931663981034779,45.800191986223631,0 10.931790708188972,45.800918376211605,0 10.931828407704831,45.801153012378883,0 10.931944462546925,45.801875301944541,0 10.932053491589663,45.80227326406542,0 10.932335951401106,45.802543915365646,0 10.932754982700459,45.802723417255926,0 10.933133166290387,45.802823646155751,0 10.933142799867817,45.802824231892934,0 10.933144856853344,45.802826497818494,0 10.933512698620088,45.802991840910089,0 10.933782078959903,45.803178828059082,0 10.934318516607455,45.803169769906006,0 10.934414015072869,45.803210998090272,0 10.934443853888069,45.803247669899307,0 10.934441417485768,45.803296223371191,0 10.934397338118284,45.803424331341141,0 10.934221831327944,45.803599659628958,0 10.934304014619295,45.803810151824806,0 10.934320979686582,45.803947036501931,0 10.934327093408074,45.80459562007421,0 10.934295007594663,45.804843505557947,0 10.934175782310744,45.805261807282449,0 10.934289783916594,45.805525043496452,0 10.934403319717843,45.805674521210463,0 10.934450157924196,45.805759867222847,0 10.934466235330113,45.805863734128529,0 10.934441722075036,45.806136873093209,0 10.93440825783707,45.8062891913656,0 10.934325497617627,45.806582396717801,0 10.934184619945919,45.806862449922612,0 10.934142673915172,45.807029941242334,0 10.934078611540789,45.807881960236152,0 10.934105004470531,45.807908247590362,0 10.934104643157911,45.808269455299396,0 10.934182870587797,45.80828370346044,0 10.934326287405884,45.807876336620581,0 10.934373208954032,45.807692645936257,0 10.934733537842808,45.807717973766316,0 10.935011229776844,45.807713280658106,0 10.935224033322218,45.807681691787927,0 10.935466574035244,45.807669042278029,0 10.936040560370264,45.807512985265973,0 10.936262690069844,45.807509230340898,0 10.936311101750393,45.807491308481701,0 10.936390030113278,45.807395915922157,0 10.936678585683858,45.807247925134781,0 10.936948593101096,45.807140386925035,0 10.937277154410145,45.806899188367446,0 10.93659201069007,45.806517712037348,0 10.936570174692555,45.806478118742277,0 10.936585123261803,45.806437901766046,0 10.936566745865143,45.806341994898709,0 10.936477909176842,45.8061739226737,0 10.936377047991833,45.806048715686011,0 10.93633951039026,45.805953313793296,0 10.93636734728312,45.80577624642752,0 10.936446391344187,45.805539449232242,0 10.936453690790676,45.805453008209248,0 10.936420524315899,45.805298125033133,0 10.936422728579332,45.805079546557351,0 10.936490520458673,45.804896944815141,0 10.936611275633714,45.804719927535842,0 10.936650986198631,45.804684962881055,0 10.936872135772269,45.804586443681309,0 10.93707505017387,45.804407495921986,0 10.937227922294001,45.804355134610176,0 10.937310482197104,45.80437947808899,0 10.937468816163218,45.80449210187215,0 10.937953927206159,45.804677455497462,0 10.938239852417723,45.804786701392921,0 10.938305682131407,45.804799807326297,0 10.938331176703789,45.804785425209012,0 10.93833909658767,45.804702123580846,0 10.938284150611651,45.804531588855994,0 10.938075418359466,45.804316580910012,0 10.938045537916858,45.804148953190264,0 10.937929437188156,45.803971414877424,0 10.937862214714361,45.803868617791863,0 10.93774271116866,45.803766232435649,0 10.937737013531939,45.803720603268069,0 10.937760091711214,45.803677370076734,0 10.937796217733181,45.80365776728722,0 10.937793309924912,45.803573927516055,0 10.937773212856849,45.803465720579958,0 10.937747256725189,45.803426105647596,0 10.937706534881157,45.803294570975893,0 10.937689779056418,45.80318621559281,0 10.937751012620906,45.802974111888531,0 10.937889534146231,45.802820964387521,0 10.937937777787297,45.802767620526375,0 10.937886858717942,45.80274382621279,0 10.937762502372212,45.802685709712634,0 10.937686260788437,45.802609864634967,0 10.937564322996828,45.802407339835888,0 10.937484469601266,45.802327503774649,0 10.937426079012038,45.802291317065659,0 10.937183684986374,45.802196230682142,0 10.937046156692405,45.802093246573271,0 10.936980481465282,45.80200659930162,0 10.936954801058475,45.801893174523144,0 10.936995087038174,45.801822826913572,0 10.937116754863327,45.801739311927257,0 10.937182089528223,45.801738205496783,0 10.937259012516684,45.801755896223924,0 10.937481500112531,45.801904154750396,0 10.937552909384554,45.802063431044317,0 10.937586765436524,45.802097151924386,0 10.937663450047831,45.802230416321507,0 10.937748928463604,45.802294405438111,0 10.937873399305639,45.802355758519361,0 10.937881160339801,45.802359583368599,0 10.938037129749668,45.802240924330484,0 10.938076737829125,45.802203170678254,0 10.938103109396719,45.802139807729212,0 10.938081174226086,45.802097333861774,0 10.937907421772284,45.801918370782772,0 10.937894586943958,45.801782134532274,0 10.938000988055734,45.801547842359973,0 10.937952394192138,45.801397091572717,0 10.937959281647863,45.801209848357537,0 10.938023627731646,45.800909483381176,0 10.938046875329785,45.800874795906466,0 10.938059549959886,45.80053165069603,0 10.938085702067424,45.800332201091933,0 10.938193392551486,45.800213096908095,0 10.938326658441877,45.800104181671429,0 10.938387377843156,45.800088841361223,0 10.938482252135406,45.80011585753499,0 10.938604360419317,45.800197229792474,0 10.938902110143149,45.800471213115877,0 10.939162703822307,45.800616213135655,0 10.939293890862469,45.800495630593488,0 10.939393085943472,45.800446965728241,0 10.93971278511359,45.800489345373677,0 10.939777919146429,45.800482570865846,0 10.939817499230493,45.800447608945831,0 10.939808186149337,45.80042400487595,0 10.939779789484566,45.800399428953206,0 10.940079036838675,45.800544738948624,0 10.940201260830925,45.800951032793726,0 10.940208086293648,45.801147534050358,0 10.940411501264762,45.801401203845103,0 10.940631807129231,45.801518467920836,0 10.940527955210515,45.801641226171384,0 10.940380355531413,45.801749597474263,0 10.940491560518446,45.801838461677754,0 10.940838380406408,45.801862831235091,0 10.941146183240811,45.802008858829957,0 10.941365442632419,45.802095889583953,0 10.941603158034841,45.802091857683521,0 10.941628972638606,45.802212418137465,0 10.941662666434025,45.802559709835506,0 10.941626798208786,45.80277206184369,0 10.941697935886413,45.802952350062128,0 10.941424872845829,45.803183849252953,0 10.941234573536079,45.80330807087546,0 10.941117509184657,45.803673044447983,0 10.94143267546651,45.804030689424238,0 10.942162146956663,45.804487180614586,0 10.942711903404545,45.804750094807858,0 10.943566857670014,45.805083449981339,0 10.944356458157326,45.805402786726532,0 10.94490518126837,45.805635457708455,0 10.945647887441588,45.80584970934958,0 10.946390074910362,45.806048840436148,0 10.947147556291556,45.806066210169554,0 10.947540794141373,45.80618051759798,0 10.947995703750045,45.806203030018139,0 10.948839637557874,45.806218917341454,0 10.949156436450403,45.806001782559932,0 10.949211771022114,45.805780317215913,0 10.94941333377035,45.805866739021674,0 10.949724553192778,45.805796092037752,0 10.950378238413965,45.805976342416805,0 10.95055914874704,45.805996599423978,0 10.950696181437115,45.805892159739201,0 10.950778398799295,45.805829501380451,0 10.950808004200951,45.805836351179032,0 10.952078600717849,45.80582936794751,0 10.952292882866718,45.805844346543097,0 10.952547417217213,45.805895271024696,0 10.952607863850806,45.805894241526296,0 10.952753677335201,45.805857460641036,0 10.952836558970203,45.805816749746754,0 10.952896396198017,45.805968306682971,0 10.952938493690201,45.806310412454998,0 10.952804078128761,45.806678576548471,0 10.952901773013007,45.806858066895913,0 10.953095165819857,45.807014614235257,0 10.953131702989751,45.807188046852588,0 10.953122793324818,45.807223720025561,0 10.95319979961768,45.807247272387364,0 10.953204626738023,45.807240084358654,0 10.953405693011462,45.807325456660017,0 10.953727604420047,45.807525989956879,0 10.954064617875716,45.807722710135188,0 10.954105299821636,45.807756100011133,0 10.954221492029214,45.807851461131619,0 10.954438407119472,45.807954322497935,0 10.95452086848684,45.807988435548936,0 10.954605561187853,45.808086451997013,0 10.954599385014584,45.80820022506272,0 10.954843797032774,45.808363001802405,0 10.954966118717049,45.808375121915795,0 10.955140920343682,45.808290440462613,0 10.955201830254408,45.808289400014843,0 10.955263490361203,45.808309658191462,0 10.955309048761675,45.808305328291119,0 10.955342344525455,45.808240822148889,0 10.955438520355456,45.808086437459927,0 10.955467565056319,45.808062430148901,0 10.955517500621868,45.808021151325953,0 10.955733652781838,45.807957073044037,0 10.955943964822904,45.807978968837396,0 10.956107416523635,45.808073549492612,0 10.956332027477341,45.808162601226812,0 10.95658669110578,45.808246277484891,0 10.956680063788232,45.80829958639098,0 10.956789305851112,45.80838340644123,0 10.956811258534742,45.808425965933047,0 10.956984259357325,45.808584754620568,0 10.956986799277111,45.808657255789079,0 10.956940939029675,45.808780900872108,0 10.956985071205818,45.808879786822558,0 10.957180975099091,45.80903467124778,0 10.957287990571327,45.809087927715588,0 10.957549504945087,45.809164915670067,0 10.95778409986727,45.809252349695626,0 10.958059362454328,45.80929552806338,0 10.958654162055108,45.809426039075603,0 10.959069209361081,45.809698761181345,0 10.959141723265486,45.809746407544914,0 10.959327080815735,45.809893906619244,0 10.95954538284845,45.810026624291538,0 10.959714364508828,45.810169545098681,0 10.959805469188268,45.810264476139714,0 10.95980235588994,45.810289461364704,0 10.95952950691122,45.810381168047918,0 10.959310777268882,45.810372130055619,0 10.959063493134408,45.810312095527479,0 10.958669890493539,45.810274545680755,0 10.958568490715889,45.810275108844074,0 10.958172766170248,45.810316620838371,0 10.958031305021242,45.810356483508968,0 10.95779283544066,45.810492872537267,0 10.957684423387708,45.810722896610223,0 10.957651238334256,45.810826342657968,0 10.957653442038398,45.810889220291436,0 10.957675193864599,45.810925932863597,0 10.957804959992458,45.81105539346752,0 10.957860151469944,45.81115381809532,0 10.95804531706424,45.811358213031724,0 10.958364319367309,45.811536372264392,0 10.95855232334638,45.811608852691627,0 10.958744605213152,45.811630678377142,0 10.958850851356486,45.811628859601228,0 10.959130102989942,45.811594648338634,0 10.959305567996042,45.811599388431468,0 10.959693873201333,45.811702012380152,0 10.959838729370709,45.811780809229148,0 10.959955709436198,45.811912471071601,0 10.959996864194192,45.811992233545119,0 10.960131183241279,45.812155818429261,0 10.960233219037146,45.81218062304535,0 10.960602648378348,45.812229383499172,0 10.960778396790728,45.812297119755996,0 10.960979078858786,45.812319875874209,0 10.961222850130662,45.812301478339954,0 10.961394696030126,45.812258122840277,0 10.961582255200579,45.812105135825327,0 10.961642809390934,45.812081235709293,0 10.961707950657216,45.812074358488374,0 10.961840985264375,45.812109613797325,0 10.96193236533705,45.81220480812582,0 10.962132574429107,45.8123092954188,0 10.962181021425017,45.812373181008248,0 10.962194438147089,45.812428936781274,0 10.96212507688246,45.812550195192244,0 10.962116770477632,45.812544575603283,0 10.962095310878741,45.812611461820225,0 10.962237945322736,45.812736828231401,0 10.962365426063217,45.812778747088792,0 10.962727833072714,45.812847333051479,0 10.962748281792233,45.812839513053142,0 10.96275689083199,45.812853674404224,0 10.963561180796953,45.812948525721517,0 10.963700102557056,45.812946142892052,0 10.96376994077734,45.812911733111314,0 10.963789310007085,45.812851272726064,0 10.963718315208688,45.812651413932961,0 10.963749781853469,45.8126166700646,0 10.963814824644977,45.812606914666382,0 10.963919883574819,45.812629775843924,0 10.964259383185061,45.812749603274561,0 10.964316280118709,45.812779319411852,0 10.96449749362292,45.81287395995335,0 10.964859476813062,45.813029133934556,0 10.964925526936819,45.813047981353648,0 10.965091900660454,45.813130811652059,0 10.965224299876835,45.813177146932901,0 10.965289644466443,45.813176024255299,0 10.965325229275173,45.81314112119766,0 10.965280698474045,45.812969338701684,0 10.965307950798621,45.812884262197933,0 10.965352367288766,45.812851638653164,0 10.965368268625381,45.812740295670622,0 10.965338435740465,45.812682573644274,0 10.965279581036999,45.81263029634907,0 10.964785651848297,45.812430676111894,0 10.964748134716823,45.812381365582532,0 10.964774734487913,45.812361828047926,0 10.964872148370519,45.812343054438159,0 10.965002836484931,45.812340811662388,0 10.965228658328842,45.812317133377903,0 10.965442270332748,45.81193183363105,0 10.965636911617326,45.811779348187457,0 10.965635069308519,45.811726997452013,0 10.965563045952338,45.811655326921503,0 10.965434918455987,45.811613240368786,0 10.964761238592413,45.811637943633805,0 10.964678534202722,45.811632163551167,0 10.964492948948434,45.811588544327329,0 10.964452357604326,45.811561518246705,0 10.964427636811287,45.811513787237772,0 10.964522513027894,45.811430070509594,0 10.96465889283904,45.811392178663617,0 10.965106106935981,45.811328790193372,0 10.965301733198057,45.811314002476799,0 10.965472064954405,45.811275345265948,0 10.965515749229185,45.811240302761313,0 10.965547016151463,45.811199802837997,0 10.96553318786426,45.811154315007052,0 10.965434079013697,45.811088328901299,0 10.965022860621492,45.811051642461663,0 10.964896836718006,45.810988819610465,0 10.964859638916401,45.810955796663926,0 10.964883414294384,45.810881581101285,0 10.964995556866393,45.810787667390734,0 10.965112155309837,45.810725273601328,0 10.965296708662587,45.810589703599888,0 10.965318778923519,45.81053297882999,0 10.965437164839882,45.810484773149149,0 10.965762399946113,45.81047018962289,0 10.965911129525853,45.810516239768461,0 10.965990299447745,45.810560604527041,0 10.9659421781551,45.810571961927629,0 10.966234711020794,45.810728863140803,0 10.966588428689271,45.810810365758776,0 10.966754998653434,45.810807506456335,0 10.966876664106042,45.810819548196001,0 10.967127731891773,45.810924502923612,0 10.967325321286866,45.81093263147072,0 10.967660790642643,45.810883391443355,0 10.96768836010863,45.810886545596574,0 10.967726436673537,45.810890903128062,0 10.967858448653052,45.81094453265321,0 10.967948112672023,45.810998164867797,0 10.968030564819522,45.811117269823129,0 10.96825384853844,45.811171486301625,0 10.968322581053116,45.811226378777938,0 10.968345347190473,45.811291693727718,0 10.9683305257863,45.811334881426745,0 10.968225561978581,45.811435245103254,0 10.968211098782177,45.811539811492167,0 10.968172310208901,45.8116005155306,0 10.96813178176818,45.81162281380545,0 10.968093714837359,45.81168944346102,0 10.968096367760602,45.811764734283216,0 10.968284416256946,45.811998673688258,0 10.96833884739157,45.812034821072722,0 10.968371822925457,45.812042895396381,0 10.968449687666835,45.812050107646591,0 10.96847230978665,45.812041706941464,0 10.968877314895668,45.811891271826084,0 10.968996598529367,45.811861228751773,0 10.969218559478653,45.811834006943002,0 10.969512602962814,45.811828951290927,0 10.969713833358595,45.81184889072906,0 10.97002938156847,45.812004667275545,0 10.970154394343471,45.812035030618091,0 10.970155697791784,45.812035346543297,0 10.970254768034325,45.812016181579978,0 10.970628925069686,45.811899571539385,0 10.970805754336743,45.811880958137792,0 10.970989228637707,45.811893818795141,0 10.971257715278162,45.811970475377009,0 10.971375229142108,45.812039828840753,0 10.971401205129897,45.812079344011032,0 10.971481290468432,45.812149433469209,0 10.971554839214992,45.812151045911058,0 10.971602012348955,45.811981558637264,0 10.971629774404525,45.811933106716872,0 10.971787915572087,45.811855405569851,0 10.972125354002797,45.811832674710786,0 10.972452445734216,45.811761153386854,0 10.972709964180192,45.81168390034594,0 10.972859762535526,45.811672589657313,0 10.973072851994608,45.811696730280531,0 10.973178721548068,45.811731537939906,0 10.973312638740707,45.811820677613944,0 10.973456937988514,45.812010629056765,0 10.973487287420754,45.812151958803888,0 10.973479863205856,45.812204111339277,0 10.973415988386151,45.812316103063161,0 10.973355608992458,45.8124795185892,0 10.973445930978645,45.812584258958204,0 10.973552704074834,45.812600961186895,0 10.973809610859048,45.812586541554026,0 10.973876168824495,45.812619688159636,0 10.97402082492718,45.81282691185914,0 10.974167928526903,45.812953988056876,0 10.97436011304333,45.813012868467617,0 10.974495784692477,45.812998647575981,0 10.974619522409775,45.812952681809577,0 10.9746481962495,45.812931614042292,0 10.974798651198309,45.812938567912525,0 10.9749961025214,45.812888725985964,0 10.975274865572787,45.812791040880271,0 10.975556501157472,45.812774573426275,0 10.975834444882233,45.812653682237027,0 10.976270327131541,45.812773862340215,0 10.976557726304947,45.812860044152259,0 10.976535503934773,45.812883445429556,0 10.976664238986713,45.813115346252822,0 10.97696148383908,45.813539762329199,0 10.97759836764796,45.814178888705733,0 10.978217028132315,45.814771890443183,0 10.978445872481625,45.81513943919736,0 10.978471780258513,45.815196670921608,0 10.978504485566235,45.815223213325055,0 10.978570878936239,45.81536787931401,0 10.978710578389936,45.815463572946463,0 10.978885830873482,45.81549096877572,0 10.978951177632293,45.815489838241376,0 10.97910392855467,45.815467127142043,0 10.979314568937752,45.815363577423867,0 10.979917210519499,45.814887905092789,0 10.980081724644426,45.814826735441137,0 10.980265340754684,45.814839582578593,0 10.980473647463414,45.814899075224687,0 10.980617308147471,45.814968416262666,0 10.980805837576035,45.815123387398238,0 10.98086808269648,45.815150934177275,0 10.980933125867379,45.815141256918935,0 10.980995429123743,45.815054403017626,0 10.981092024791199,45.814780277029428,0 10.981154468782277,45.814670920283405,0 10.981192000975319,45.814605193226555,0 10.98125558604324,45.814438387736942,0 10.981287513984697,45.814300662037901,0 10.981288460637582,45.814214868427008,0 10.981278735323873,45.814169312988184,0 10.981177788213159,45.814064388460842,0 10.98128677721682,45.814044062363479,0 10.981514085059271,45.81400790550807,0 10.981616892985466,45.814066587501365,0 10.981909255547272,45.814233465453704,0 10.982444616259599,45.814223531866851,0 10.982449637065777,45.814257656933052,0 10.982490561282907,45.814535841281597,0 10.982616787724183,45.814587071569626,0 10.982630755637688,45.814538322443646,0 10.982821266874261,45.814603968238913,0 10.983005989752909,45.814619268837433,0 10.983029416838427,45.814582813918854,0 10.983329275805795,45.814603407227708,0 10.983331688690368,45.814594807332675,0 10.983441929381081,45.814551207249366,0 10.983404351206987,45.814572138487286,0 10.983197862760859,45.814791098404292,0 10.983197289594097,45.814791705515283,0 10.983119435088616,45.815085114710357,0 10.983118677193547,45.815087975773558,0 10.983004685598825,45.815207874286308,0 10.982777412807829,45.815446920284515,0 10.98261206989738,45.815703870283336,0 10.982247490935466,45.816028912270689,0 10.981447568690898,45.816482413545103,0 10.981444482687424,45.816484164615794,0 10.980337106969021,45.81706675039397,0 10.979925498445201,45.817956572388361,0 10.979010196647327,45.817897271625775,0 10.978675005660207,45.817912453722471,0 10.978074044547904,45.818007351816838,0 10.977480565758807,45.818185361217225,0 10.977476074564697,45.818186708004298,0 10.978394913668554,45.818724873820351,0 10.978771926269715,45.819131537610282,0 10.979618691424339,45.819530081958447,0 10.980101093509152,45.819878579072224,0 10.980672913395869,45.820854686792195,0 10.980728154530272,45.821283044484844,0 10.980728495756585,45.821285686500389,0 10.980612235046182,45.821342835617244,0 10.980912537927709,45.821889420213381,0 10.981433242087519,45.822180873816436,0 10.981985469098234,45.822603245140641,0 10.982537365523294,45.823016222647652,0 10.982889598633701,45.823479622921489,0 10.983722640344759,45.824244545416462,0 10.984146721856881,45.824567848313386,0 10.984288657724619,45.824676054061051,0 10.98421338118666,45.825203217380114,0 10.984343455629489,45.825839495317346,0 10.98440682612574,45.826110711006422,0 10.984475868423257,45.826541463734678,0 10.984571053438673,45.827105796354189,0 10.984629049752948,45.827449654698562,0 10.985052789097592,45.828033877326114,0 10.985382904781465,45.82862911382081,0 10.985786491735496,45.829401488075007,0 10.985833311220443,45.830339700797289,0 10.985879199365748,45.830874145633132,0 10.98621407506535,45.831225152723142,0 10.986399954877173,45.831541186316493,0 10.987073468138476,45.831970810691843,0 10.986990129502587,45.832648360194618,0 10.986934313576917,45.833344211305132,0 10.987142355576415,45.833926602214525,0 10.987166659257282,45.834396629386461,0 10.987205136354094,45.834839983393408,0 10.987163866157985,45.835379870546085,0 10.98714887935447,45.835808295090764,0 10.986986172377811,45.836017278886487,0 10.986834426082572,45.836215501501663,0 10.98651772168882,45.836453593078488,0 10.986348032800651,45.836572835958499,0 10.986268251122659,45.836880810449351,0 10.986188280560496,45.837183501089903,0 10.986237391452267,45.837288368581021,0 10.986310486410829,45.837429816873424,0 10.986597600195044,45.837953419467439,0 10.986538645172235,45.837996734195436,0 10.986222493703169,45.838250672602534,0 10.986214525479783,45.838451679438691,0 10.986217536231365,45.83853619975698,0 10.986431196131672,45.838802069410917,0 10.986614844520634,45.838862305323325,0 10.986821728385262,45.83893799631003,0 10.986945290913697,45.83900985151466,0 10.98789752608814,45.839521871442514,0 10.988437703357853,45.839824339653312,0 10.988591688844611,45.839900946108166,0 10.98869050804864,45.83991508350725,0 10.989088635514772,45.839839430238705,0 10.989576334038759,45.839730500176906,0 10.989778704006318,45.839679402412223,0 10.990481422878354,45.839556148949235,0 10.990827209114773,45.839497259065823,0 10.991166375250751,45.83946491555384,0 10.991505542589914,45.839432572660535,0 10.992004186461502,45.83941858486866,0 10.992320481582841,45.83959278991761,0 10.992462382617703,45.83954274211716,0 10.992678547647506,45.839454394622564,0 10.992963859716658,45.839502274738678,0 10.99347403523169,45.839176210753962,0 10.9936739480138,45.839056428130441,0 10.994159553783756,45.838677931908606,0 10.994578455570315,45.838337596888302,0 10.994821251890086,45.838148346378595,0 10.994995839179035,45.837955002950395,0 10.995072362303198,45.837874377431092,0 10.995148697739301,45.837682748221219,0 10.995003210863125,45.837632427576636,0 10.99499581812597,45.837517644363338,0 10.994043373615948,45.837385911315195,0 10.994210435405142,45.837164602203345,0 10.994413717256991,45.836907717102086,0 10.994701307680337,45.836561998598654,0 10.99489209497689,45.836305331366368,0 10.995129408509174,45.835951755521926,0 10.995488805127131,45.83551742488747,0 10.995751091615476,45.835163414702187,0 10.997968642573934,45.833168802732544,0 10.998272978581907,45.833163477130356,0 10.998439827034909,45.832890045685204,0 10.998519076523431,45.832758216155163,0 10.998604610469247,45.832580542142189,0 10.998722518573731,45.832316211438638,0 10.998768152685594,45.832217181846637,0 10.99899482751103,45.831684614636359,0 10.99898612233263,45.831441615089723,0 10.998935290481111,45.831289208803796,0 10.998750873588257,45.830784985640676,0 10.998725554790555,45.830711422903349,0 10.998734975743858,45.830235520617521,0 10.998754413361684,45.829933880085534,0 10.998732489502499,45.829743969294839,0 10.998899194907052,45.829280695548093,0 10.999000492745449,45.828571075391842,0 10.999066404124211,45.828300337747159,0 10.999022339646702,45.827492353905214,0 10.99902855907167,45.827243805925441,0 10.998911237066908,45.827134852649358,0 10.998860051958118,45.827068907374745,0 10.99872099760127,45.826889742676251,0 10.998657885021515,45.826605403899158,0 10.998615183355545,45.826468714667563,0 10.998469336074995,45.826196399237496,0 10.998379406421996,45.82600767704092,0 10.998299117480197,45.825876932377213,0 10.998183506342858,45.825815524376047,0 10.99783043993871,45.825668406672449,0 10.997487007563553,45.825579267868406,0 10.997113355073036,45.825490658630763,0 10.996809033390416,45.825437834108783,0 10.996372098950772,45.825271036913882,0 10.996095923325624,45.825159571706706,0 10.995955760113082,45.825045732958984,0 10.995765914989192,45.824916899279046,0 10.995573421863016,45.824819830147703,0 10.99532823013522,45.824728968388854,0 10.995183723721736,45.824705065051539,0 10.994804414260429,45.824669402431446,0 10.994499714681986,45.824817448725724,0 10.994354451060582,45.824772410911777,0 10.994185385134218,45.824696073183318,0 10.993950961902364,45.824694882592084,0 10.993724278631056,45.824698842941253,0 10.993479468258222,45.824618539760237,0 10.993395032755251,45.824583012664824,0 10.993172707830253,45.824285593583213,0 10.993113023883536,45.824202060014997,0 10.992957011005458,45.823855905154268,0 10.992939824242955,45.823798062045206,0 10.992968172705776,45.823533268581336,0 10.993296298531138,45.823194521257264,0 10.993296489932208,45.823094085454187,0 10.993265147949741,45.82285147857155,0 10.993260616168847,45.822724693654635,0 10.993144640668563,45.822652714934691,0 10.993002035119034,45.822470192495672,0 10.992795778272102,45.822198922107262,0 10.992693042811236,45.821862412824949,0 10.992685300486864,45.821808363261141,0 10.992677932730318,45.821756957086322,0 10.992766364034667,45.821269102068797,0 10.992802631178012,45.821226183680636,0 10.992890818507806,45.821186797145607,0 10.992906712595001,45.821176793337131,0 10.993114873300852,45.82107801240074,0 10.993204405623226,45.821044730854645,0 10.993316614916603,45.820799617082628,0 10.99335667757952,45.820439469689738,0 10.993340825643703,45.820101443116471,0 10.99329816541638,45.819541874873835,0 10.993335582107616,45.819107773167744,0 10.993309916603845,45.818600764211645,0 10.992756880727725,45.818568132543021,0 10.991770935587118,45.818479613712384,0 10.991163375512798,45.818405742204746,0 10.991386546942115,45.817885386609696,0 10.991388584376194,45.817566080460637,0 10.991686891599949,45.817269777638671,0 10.991909696165996,45.81711564939333,0 10.991979170402967,45.816804557385865,0 10.991734271509623,45.816339314654968,0 10.991563345805938,45.815531470334371,0 10.991330436212362,45.814806352316076,0 10.991323102410586,45.814224282514779,0 10.990965128983024,45.813872280867528,0 10.990703809946192,45.813615323418624,0 10.990171058378419,45.81336168172075,0 10.989529561072697,45.813447983759232,0 10.988789445633046,45.813404535395328,0 10.988701140243718,45.813411576493351,0 10.98868696212271,45.813416294632141,0 10.988682146952716,45.813413091623524,0 10.98866770533259,45.813403481430043,0 10.988595312741662,45.813308235551588,0 10.988291554215575,45.813303860443661,0 10.987942991313622,45.81320375640292,0 10.988099905589571,45.812959769627213,0 10.988383343996531,45.812781140362475,0 10.988351655673236,45.812773148845196,0 10.989086649432361,45.812584039970417,0 10.989231197518954,45.812563751743575,0 10.989330213035622,45.812504166510926,0 10.989379811707026,45.812474314870045,0 10.989411304991762,45.812382608080881,0 10.989691516339144,45.812314490830701,0 10.990158012023302,45.812238830587468,0 10.990520710732879,45.812348332212338,0 10.990661716640034,45.812432734223037,0 10.990934792101223,45.812350782232222,0 10.991284765200509,45.812103434976066,0 10.991468214046346,45.811830028836823,0 10.991569947110467,45.811586999885208,0 10.992047476308032,45.811433932359876,0 10.992150172402981,45.811355414742344,0 10.99238330609697,45.81117717767232,0 10.992606715379011,45.811250492992109,0 10.993283849544133,45.811277309168943,0 10.993661369160877,45.811415494243604,0 10.994033726727436,45.811409010058242,0 10.994307827453223,45.811355984141635,0 10.994358123636076,45.811306562965299,0 10.994358437628536,45.811306710206019,0 10.994546173052633,45.811128824111812,0 10.994604387751187,45.811090365557199,0 10.99475582100618,45.811020403983541,0 10.994907734834193,45.810974730566159,0 10.994839368034791,45.810887535154606,0 10.994819978173862,45.810838279356581,0 10.994767127342429,45.810580156058577,0 10.994709099868953,45.8105554256977,0 10.994633418539888,45.810548193229856,0 10.994038571824799,45.81034334531261,0 10.994007037797736,45.810350464594336,0 10.993969228366176,45.810322498919739,0 10.993565495505081,45.810286686131626,0 10.993444974274936,45.810288786373874,0 10.9933488399647,45.810317732996729,0 10.99305418131193,45.81029820037223,0 10.992620396698353,45.810376047000211,0 10.992256760270642,45.810417927148137,0 10.992093938698513,45.810432405376595,0 10.992066519407581,45.810420300402903,0 10.991776912136837,45.81042533845973,0 10.991703539014091,45.810333474117016,0 10.991632467761939,45.810244491411353,0 10.991602241422889,45.809009754755579,0 10.991597421845745,45.808874730206099,0 10.991549759729862,45.808773497533338,0 10.991572485345044,45.808769632035315,0 10.991579001951132,45.808609484580266,0 10.991549123224813,45.808572830596056,0 10.991408791879147,45.808192377780628,0 10.991335863539883,45.808056473972449,0 10.991241375703199,45.807712845452201,0 10.991163279269177,45.807500524315614,0 10.991165521732762,45.807386446946772,0 10.99115211432613,45.80734977544126,0 10.991169442159478,45.807207710831115,0 10.99123042082979,45.806972360622566,0 10.991257778720193,45.806934710335405,0 10.991272663090136,45.806752996677581,0 10.991307984366957,45.806700446652989,0 10.991333400978068,45.806536192213613,0 10.991360627435784,45.806498542542442,0 10.991403997086268,45.806314353947982,0 10.991473569050415,45.806110802622776,0 10.991654557538819,45.805697037572017,0 10.991908882339867,45.805542571973973,0 10.992629431157914,45.805181881234205,0 10.993025976437647,45.805074981762182,0 10.993501910106456,45.804783800652345,0 10.99386114256607,45.804623180483382,0 10.994055872688746,45.804508358677893,0 10.994158943760967,45.804417996533772,0 10.994194024438325,45.804355278296455,0 10.994377769277184,45.804188806334423,0 10.994590272149372,45.804063681961686,0 10.994747246547455,45.80400532117384,0 10.99486002514355,45.803988507076944,0 10.995059537704023,45.803932194767391,0 10.995244163035451,45.803855262448053,0 10.99554870179789,45.803651666765099,0 10.995569443638878,45.803562286859837,0 10.995587513819741,45.803548660565745,0 10.995857157252464,45.803345302913549,0 10.995917255131205,45.803312841660016,0 10.996336341772889,45.803379883862867,0 10.996364382522671,45.803352760513995,0 10.996638030014172,45.803406968539505,0 10.996793574984745,45.803302986444685,0 10.996966487552942,45.803279717037441,0 10.997112628157032,45.803317674200166,0 10.997216083234921,45.802971563086423,0 10.997506188249561,45.802581684099621,0 10.99759878932813,45.802337026403677,0 10.997388613206375,45.801317892368246,0 10.997710182018489,45.800998352646772,0 10.99747107706335,45.800384793238571,0 10.998045851860462,45.800668439415979,0 10.998402150606225,45.800915387616286,0 10.999106073865955,45.801166397012793,0 10.999663498949293,45.80136932265826,0 10.999997731319286,45.801403993892663,0 11.000330520175476,45.80139817866489,0 11.001397232267092,45.801268142396175,0 11.002220107371853,45.800798052738287,0 11.002762666893275,45.800586027607409,0 11.003426727967735,45.800128832089165,0 11.004549415053768,45.799542082827394,0 11.005341666391978,45.800237083116933,0 11.005723600457996,45.799987350983457,0 11.006278356734956,45.799309266802297,0 11.005300983761671,45.799103599965648,0 11.004669771613935,45.798861484468745,0 11.003867482162477,45.798693246281807,0 11.003018892724979,45.798444800011424,0 11.002346102956107,45.798254033655894,0 11.001215744677149,45.79781809089058,0 11.000555624100169,45.79757645858588,0 11.000173660227066,45.797421102956449,0 10.999898407353742,45.797415784402958,0 10.999017673011044,45.797481801955456,0 10.998071102954938,45.797326168577278,0 10.997594744948012,45.79736486056364,0 10.997131773956937,45.797372937097691,0 10.996249293603356,45.797547194928313,0 10.996242135807687,45.797509298421978,0 10.996184703924392,45.797516066692154,0 10.996094368386103,45.797526714417934,0 10.994556445021159,45.796317988115106,0 10.993518987600485,45.794543176639188,0 10.992582863444442,45.792987350855043,0 10.992145780466325,45.792260891865403,0 10.992150397513752,45.792253250955902,0 10.991592684136895,45.791824524251432,0 10.991164048593522,45.7916421520735,0 10.990552111501655,45.791319849930005,0 10.990160695858339,45.79115995966076,0 10.989595575836161,45.790861898132889,0 10.989568226842675,45.790833828918494,0 10.989043587738113,45.79058059865708,0 10.98830173558992,45.790150770217885,0 10.988071319527542,45.790117761021655,0 10.988040017717385,45.79011055595889,0 10.988042331593553,45.790106085592505,0 10.98763948236155,45.789981906608261,0 10.987026412262363,45.789877768522238,0 10.986297395143312,45.789808436955099,0 10.985839551453109,45.789455649204399,0 10.98547191510078,45.789002916449675,0 10.984756118492303,45.788906304850791,0 10.984531664702015,45.788712320505915,0 10.984499038027119,45.788659510407371,0 10.984217478972647,45.788436489265393,0 10.984219717400602,45.788419798529631,0 10.984199297281824,45.788417272952358,0 10.983367904336475,45.787926731238308,0 10.983059106153336,45.787784287215146,0 10.982000267450417,45.787137458812914,0 10.981523607684435,45.786897556922163,0 10.981360827053896,45.786769500355256,0 10.981282787718687,45.78661846642197,0 10.981165280334961,45.786137875172635,0 10.981143422272762,45.786098290641817,0 10.981130943300032,45.785978434220802,0 10.981048426562216,45.785672033915127,0 10.980959369384294,45.78551498025017,0 10.980782962927469,45.785299941152083,0 10.980570399273171,45.784982828505555,0 10.980567602206134,45.784982824819117,0 10.980019062184354,45.784241182555839,0 10.980031647147744,45.78423139660962,0 10.980018800865507,45.784217308307596,0 10.980013499488861,45.784180224558796,0 10.979948302949149,45.784108356567451,0 10.979492850034038,45.783478252696426,0 10.979252484663741,45.783171248661127,0 10.978869715770815,45.782562566549529,0 10.978823686134337,45.782494147656266,0 10.978609324017492,45.782180119625366,0 10.978528470857867,45.782028866565796,0 10.978528181748299,45.78202832934879,0 10.978502119723164,45.781984667746094,0 10.978211209782256,45.78149735631817,0 10.978189149067411,45.780873888704754,0 10.978163526639229,45.780611416922277,0 10.978065718091008,45.780308336854482,0 10.978011549636996,45.780234775303981,0 10.977935722646427,45.780124445544921,0 10.97765583984804,45.779815962794338,0 10.977140227625522,45.779690843505087,0 10.97689844091572,45.77965199410523,0 10.976053109052099,45.779456687424471,0 10.975591595412062,45.779369872489511,0 10.974829425748755,45.779274380892659,0 10.974673286803338,45.779271402814246,0 10.974605494260492,45.779213369572588,0 10.97453024976015,45.779144162988274,0 10.973303196412587,45.778015569305651,0 10.973261133713386,45.777976875626464,0 10.973074748330442,45.777865875580638,0 10.972749396208217,45.77767210554191,0 10.972417806598955,45.777062846437268,0 10.972401318660504,45.777037671293435,0 10.97239313842547,45.777019900986915,0 10.97238600928323,45.777004418772414,0 10.972235172483588,45.776727268607459,0 10.971826572690125,45.775976336040507,0 10.971645970619637,45.775644410039462,0 10.971140094096819,45.774568159571885,0 10.971133006430824,45.774552966074708,0 10.97111616142111,45.774525885099884,0 10.971001256969375,45.774276377490231,0 10.971001035561562,45.774270094897687,0 10.970992189452403,45.774251137254893,0 10.970850157054956,45.77395694565427,0 10.970814454122788,45.773883002657684,0 10.970636834604555,45.773525394397687,0 10.969959352499513,45.772283268532597,0 10.969867836303063,45.77211036887082,0 10.969684028737758,45.77176310543301,0 10.969607890769604,45.771619258453399,0 10.969283900087117,45.771060028060361,0 10.969016031943541,45.770600640381502,0 10.968943089634429,45.770284770853614,0 10.968847140639998,45.769869255763396,0 10.968832050602426,45.769721901818144,0 10.968795464603387,45.769321903142774,0 10.968774971405077,45.768953617827918,0 10.968767459616753,45.768818604974662,0 10.968767383583637,45.768588206268802,0 10.968767360903046,45.768519868568781,0 10.968774466737395,45.768042161173966,0 10.969113640189365,45.76726299381211,0 10.969035091654089,45.767217205089281,0 10.968634625499602,45.766983760416117,0 10.968588058438783,45.766956613955422,0 10.968245520009429,45.76672273144839,0 10.967755527353884,45.766802858825677,0 10.967480366038874,45.766847854713568,0 10.967435914982387,45.766799678873781,0 10.967409270535649,45.766770802686153,0 10.96677841815222,45.766087077472271,0 10.966762809624946,45.766060624433408,0 10.967014436808974,45.765278571272532,0 10.967043114516098,45.765189449425193,0 10.967044658210879,45.765184641686055,0 10.967106139253135,45.764993569476637,0 10.967119339425992,45.764952535594574,0 10.967008477097833,45.764846157861463,0 10.96690614133402,45.764827106358425,0 10.96671722388256,45.764791936811228,0 10.966709977266033,45.764766790651336,0 10.966668888034654,45.764624181714659,0 10.966299758055394,45.764687591408887,0 10.966122816660754,45.764717986175789,0 10.964369866373525,45.764775887738843,0 10.964205612148374,45.76481516050945,0 10.964076563743046,45.764781662600704,0 10.963949532638626,45.76479039990609,0 10.963890195642332,45.76478623748168,0 10.963645920002937,45.764792266393172,0 10.963150867860849,45.764663712039031,0 10.963078902093601,45.764645024512149,0 10.963004825895309,45.764678288521395,0 10.962607262299894,45.764856806706341,0 10.962501849999475,45.764904138698981,0 10.962477592302884,45.765168095182858,0 10.962461548821761,45.765342632670759,0 10.962411663094057,45.765387799119992,0 10.962231214857777,45.765551170500963,0 10.962033836343068,45.765625810055148,0 10.96163183234596,45.765614366370954,0 10.961448903186021,45.765621961801536,0 10.960963826723047,45.765642100508359,0 10.960507437691476,45.765609501454577,0 10.960488888094686,45.765609730316704,0 10.960206771270656,45.765613209578866,0 10.959600997958587,45.76567909473458,0 10.959591043511441,45.765680176379369,0 10.959244413847593,45.765566199855378,0 10.957662841994761,45.765012806076285,0 10.957662879066431,45.765018778172696,0 10.957573040259202,45.764994933904923,0 10.956472472930313,45.765203942042881,0 10.956096438068561,45.765210368624508,0 10.955959451271474,45.765229913748961,0 10.955368491229958,45.765199877746966,0 10.95531674425693,45.765197249902101,0 10.954978685278039,45.765227350324821,0 10.95489761952758,45.765194334806075,0 10.95354270172926,45.765243704569734,0 10.953373198938209,45.765249880110531,0 10.953348136618223,45.765263952304814,0 10.9533506090548,45.76529211842923,0 10.953351642211761,45.7653004677016,0 10.95335271882157,45.7653091732288,0 10.953351907485715,45.765306915430088,0 10.953326089180706,45.765235015084123,0 10.953312239190053,45.765196442383647,0 10.953303840196222,45.765173056035444,0 10.953270861587878,45.765081206415076,0 10.952970660307473,45.76424515506082,0 10.952969332811444,45.764241461832952,0 10.952831056435695,45.764097798595394,0 10.952827832028149,45.764094449291285,0 10.952520614690107,45.764059770326931,0 10.952198353251426,45.764021607030507,0 10.951838711776308,45.763934162733108,0 10.951730929575852,45.763911047366456,0 10.951592080809283,45.764019493130718,0 10.951504074871419,45.764052193856507,0 10.951238096878111,45.764094175982464,0 10.951009283022374,45.764179196879596,0 10.950814582118083,45.764219962624921,0 10.950684420002844,45.76432201643356,0 10.950546652728509,45.764461637223199,0 10.950284364309988,45.764353809507639,0 10.950043373179136,45.764345445472479,0 10.949783694745728,45.764312444346125,0 10.949498593805737,45.764317312717814,0 10.949322361934467,45.764376477094309,0 10.949182635033033,45.764459973806197,0 10.949119617959564,45.764442331173122,0 10.948966026313038,45.76429815551306,0 10.948962941921025,45.764295259137036,0 10.948822127693409,45.764091762556014,0 10.948763676284685,45.763949253915058,0 10.948738466739227,45.763896940848554,0 10.948677191110574,45.763769786846574,0 10.948580494526334,45.763553058318934,0 10.948679585065685,45.763326745824706,0 10.948759989210258,45.763075798663785,0 10.948748688409541,45.762751541112046,0 10.948621328525499,45.762601081434845,0 10.94861853065075,45.762597776924146,0 10.948323224207863,45.762565378678019,0 10.948137869772861,45.762618457686713,0 10.948132434834102,45.762718382164188,0 10.948119612343406,45.762862106885265,0 10.94797902211255,45.762920661263117,0 10.947737386131971,45.76289358528161,0 10.947493577620676,45.762804153517749,0 10.947233909980559,45.762771144757117,0 10.947182569429248,45.762742657415359,0 10.947160238694643,45.762607369951859,0 10.947156951352039,45.762605064261244,0 10.947156775248382,45.762603995995178,0 10.946983159162171,45.762482168363888,0 10.946749130258119,45.762417526100506,0 10.946372778897775,45.762361548021374,0 10.946087687259276,45.762366406075436,0 10.945708716545958,45.762491414807805,0 10.945278236733722,45.762673453828782,0 10.944877739116283,45.762948572161754,0 10.944947692763881,45.763165759244409,0 10.944945069271132,45.76334674826343,0 10.94480881251649,45.763530012293138,0 10.94470057768587,45.763750235732147,0 10.944589091079409,45.763876923499403,0 10.94428138077207,45.764000712507311,0 10.943953684306452,45.76406244690709,0 10.943238762387574,45.764012222234918,0 10.942830013574117,45.764050375160416,0 10.942609876914187,45.764128995725109,0 10.942532723723632,45.764217659159122,0 10.942610929747941,45.764415991393307,0 10.942526598289209,45.764554692504177,0 10.942430326356876,45.764606246532225,0 10.942216066260071,45.764597413000118,0 10.941826862925616,45.764685144992995,0 10.941473293557721,45.76477226938497,0 10.941164922212872,45.764877344776501,0 10.940986731485815,45.764880373148472,0 10.940889504481779,45.764839357639602,0 10.940887210259136,45.764838388535878,0 10.940782929546229,45.764659218486308,0 10.940714523686362,45.764485724629331,0 10.940714504024863,45.76448567826715,0 10.940585662297044,45.764369317110571,0 10.940370751382151,45.764341773649399,0 10.940156922626199,45.764345407822574,0 10.939945293444932,45.764318284664832,0 10.939942014322416,45.764317862960461,0 10.939918787546057,45.764162270964299,0 10.939959659037582,45.76405550748963,0 10.940105064581553,45.763878330849565,0 10.940090530514137,45.763716355338467,0 10.940034045200907,45.763629961966188,0 10.939903257983039,45.763457480495383,0 10.939788990833872,45.763247282145791,0 10.939695018305736,45.763070569112131,0 10.939693631095984,45.763067957351488,0 10.939531316922055,45.763014561242692,0 10.939244273293797,45.76296328056754,0 10.938888333551684,45.762981806295549,0 10.938719360103434,45.762935353474376,0 10.938664392147967,45.762845549001703,0 10.93877761667018,45.76276875421339,0 10.939021661728965,45.762608626391263,0 10.939072518500248,45.762532888468748,0 10.939104913120625,45.762438748091917,0 10.938938501187305,45.762266873611559,0 10.938860962014218,45.762087247764256,0 10.938890110832061,45.761899571046349,0 10.938804529537881,45.761745041128201,0 10.938802418909342,45.761744608894801,0 10.938800775529302,45.761741646579416,0 10.938603261671819,45.761701325564353,0 10.938461365365956,45.761722452033951,0 10.938250137679175,45.761800911366613,0 10.937993503227288,45.761855182979858,0 10.937815105891897,45.76185197238658,0 10.937563911827743,45.761757082365833,0 10.937562194825384,45.761756434671909,0 10.93740339717448,45.761546985466929,0 10.937259178327349,45.76124370384391,0 10.937179268120609,45.760995481701791,0 10.937172176606788,45.760896041585177,0 10.936904798880958,45.760436674142056,0 10.936862327654504,45.760390316255751,0 10.936825882801125,45.76031514011779,0 10.936640800000635,45.760118617752049,0 10.936611696743517,45.760050479722871,0 10.936478124068723,45.759796927762025,0 10.936168379374511,45.759346701412319,0 10.936020226038979,45.759186988695575,0 10.935883925434231,45.759036369101302,0 10.935881203885925,45.759033360741348,0 10.93563743287381,45.758943902990644,0 10.935461199242482,45.759003046044661,0 10.935287342157467,45.759130781723805,0 10.935237005216644,45.75920019035263,0 10.935234115280899,45.759202955947472,0 10.93522665155564,45.759210088510308,0 10.935052063728062,45.759384089744742,0 10.934810392466051,45.75961280211034,0 10.934476761751768,45.759863037243967,0 10.934387735871216,45.759969367333817,0 10.934179795231691,45.760142603714364,0 10.93331072269657,45.760581600163654,0 10.933064383746181,45.760675617824582,0 10.932826552822013,45.760809422914278,0 10.932617912605334,45.760962700365077,0 10.932455485898924,45.761215024549386,0 10.932100451766219,45.761465618089382,0 10.931598505332889,45.761798558529591,0 10.930856297056378,45.762195457491465,0 10.930490679735831,45.762346394785915,0 10.930136562673942,45.762417272147161,0 10.930052586991721,45.762463614737996,0 10.929860668832612,45.762481832948453,0 10.929171744753239,45.762563357775839,0 10.928610075601334,45.762612780336752,0 10.928382862935415,45.762641574606107,0 10.927946823587659,45.76281864996043,0 10.926936146793095,45.76328993936901,0 10.92655308576423,45.763555962511994,0 10.926528352014866,45.763666191812668,0 10.92651099019942,45.763770291617078,0 10.92638872480839,45.76386009729196,0 10.92622134594504,45.76385317061937,0 10.925900165462764,45.76382934125737,0 10.925581225065123,45.763809972000729,0 10.925495241224958,45.764267922859027,0 10.925983049403792,45.765116488593044,0 10.926400960633556,45.765379075401398,0 10.926589005719256,45.765497227651764,0 10.926602007901709,45.76550540044655,0 10.926601193086841,45.765505631159911,0 10.926103190105591,45.765647508564371,0 10.926072658113984,45.765656205536736,0 10.925865157410447,45.765639598567645,0 10.925379937549534,45.765600763873103,0 10.925145211263933,45.765581975250122,0 10.925097657110696,45.765598964060949,0 10.925029871591065,45.765623181149031,0 10.924877920692049,45.765677466398529,0 10.923880592566148,45.764962683162551,0 10.923739741415151,45.764861731401425,0 10.923714866516669,45.764843902492387,0 10.9231454314163,45.764975061225769,0 10.923008301548291,45.765006646202622,0 10.922963680093552,45.765016923771903,0 10.921788653157664,45.765006101242754,0 10.921094290122483,45.764999698264162,0 10.920805500020458,45.764993237536785,0 10.920339837675813,45.765141411386224,0 10.919953153149587,45.76526445472615,0 10.919714384172565,45.7655228304831,0 10.919707043708442,45.765530773885679,0 10.919478788057015,45.765537530012814,0 10.919054804694596,45.765550076747992,0 10.918132447392614,45.765659121111447,0 10.915557229720003,45.766307211663687,0 10.914932597334301,45.766464398209415,0 10.914850127276686,45.766485150597035,0 10.914020780640538,45.766871830915754,0 10.912510154610551,45.767600814236012,0 10.912296118900329,45.767704097036287,0 10.91164197324454,45.767754562265608,0 10.911126722766957,45.767794306949575,0 10.91092251880354,45.768008251199646,0 10.910660243985728,45.76823773336249,0 10.910606455830694,45.768270062645783,0 10.910264542420816,45.768475567695546,0 10.909962625404679,45.768687982148535,0 10.909778279141346,45.768859733089123,0 10.909624382172405,45.769034395347781,0 10.909298217017776,45.769324081849881,0 10.90923879590212,45.769366159523379,0 10.909180931512781,45.769407134714356,0 10.909116513836191,45.769433950572427,0 10.90911049366987,45.769434829733804,0 10.909075948653474,45.769452170807483,0 10.90893034558542,45.76948258810247,0 10.908767080261507,45.769516409341328,0 10.908581293640518,45.769541277359387,0 10.908396247326943,45.769587901268871,0 10.908219508709514,45.769619885823339,0 10.907820167378155,45.769732782806379,0 10.9075183118248,45.769835138223755,0 10.907261009038987,45.76992238481408,0 10.907186910075678,45.769963312369448,0 10.907155627538717,45.770003888205792,0 10.907148958922914,45.770049723862634,0 10.90711769557223,45.770109037748988,0 10.907063194519914,45.770212447018949,0 10.90703995262362,45.770323003800264,0 10.907008574056968,45.770360699606286,0 10.907001905235902,45.770406535255283,0 10.906908046118389,45.770528079735364,0 10.906783455524495,45.770619622684151,0 10.906067967637286,45.771022802340454,0 10.90565908512048,45.771207103949024,0 10.905543740198446,45.771328464235154,0 10.905527117579783,45.771380406120159,0 10.905330842585267,45.771580251136022,0 10.905337522583036,45.771578122031798,0 10.905317276473646,45.771589251766272,0 10.905174787645526,45.771767416965226,0 10.90512082417381,45.771783054467207,0 10.90517542452174,45.771812259346738,0 10.905023691343107,45.771942286754054,0 10.904970032553889,45.771948270728558,0 10.904886882081417,45.771987851551607,0 10.904822132506101,45.772017923539821,0 10.904722277037866,45.772004063399251,0 10.904684259450176,45.771966098545931,0 10.904714096714674,45.771921065347669,0 10.904712368549479,45.771921455825996,0 10.904645355105249,45.771964958165363,0 10.904856875968786,45.77208169959296,0 10.904722794632953,45.772191086955111,0 10.904314671535309,45.772425775411165,0 10.904155644923497,45.772517222253335,0 10.903905385229358,45.77254335386008,0 10.903917676002994,45.772529761735562,0 10.903908799824231,45.772507048828786,0 10.903842137579472,45.772468102630526,0 10.903776448582313,45.772457764435316,0 10.903698904537423,45.772461933979201,0 10.903563686577501,45.772608014017024,0 10.903451760116527,45.772690252724082,0 10.903385064357032,45.772712595572216,0 10.903148974894417,45.772791684677287,0 10.902565979820034,45.772947176891229,0 10.902181931866002,45.773049605288847,0 10.901733554949301,45.773147421566918,0 10.901463228466007,45.773220046251232,0 10.90097861478394,45.773303878714529,0 10.900861832909952,45.7733367646061,0 10.900760890024564,45.7733651900962,0 10.900632229132849,45.773424480796841,0 10.900586606843071,45.773457963457112,0 10.900537488408832,45.773494008824969,0 10.9002753557678,45.773762535205954,0 10.900140702882702,45.773861348690772,0 10.90003678615874,45.773925898257787,0 10.89991123421663,45.773959394207694,0 10.899849367502782,45.773940438104425,0 10.899786118422893,45.773873260619006,0 10.899738711012004,45.773659017340961,0 10.899699122130905,45.773602878497684,0 10.899657079291607,45.773569282922828,0 10.899599131194442,45.773544502154422,0 10.899361086889035,45.773556732469885,0 10.899231141295301,45.773555108038593,0 10.898182055944535,45.773541988150861,0 10.897639894092844,45.773571315980035,0 10.897250023560433,45.773634933020702,0 10.896649826136839,45.773697530683322,0 10.896340933408215,45.773801384981354,0 10.896293117790535,45.773836469813318,0 10.896194239070713,45.774038374782691,0 10.896087338159276,45.774132674156832,0 10.896079587373038,45.774165836091534,0 10.896114107442079,45.774216659529849,0 10.896274962743556,45.774253150854399,0 10.896519160059755,45.774372955797517,0 10.896345490356307,45.774523715770165,0 10.896309976103321,45.774576420069202,0 10.896261022512148,45.774687849890419,0 10.896280436340309,45.774778707503202,0 10.896211191513533,45.774868332973689,0 10.896134484044813,45.774908666552378,0 10.895968819689363,45.77495038324124,0 10.89578410535518,45.774965142966977,0 10.895719482526633,45.7749862840869,0 10.895635288441801,45.775033402056586,0 10.895432343483298,45.775195604324907,0 10.895363496860918,45.775224667449542,0 10.895270215242167,45.775271217282871,0 10.895234227113457,45.775293153191747,0 10.895186728492334,45.775322103350369,0 10.895103544604131,45.775381985236095,0 10.895033064141591,45.775437156389032,0 10.89496664360105,45.775469759345448,0 10.894910860025073,45.775484183798028,0 10.894753535603444,45.775491287186227,0 10.894639294740781,45.775488676487342,0 10.894563161876231,45.775471934450728,0 10.894495367896113,45.775464054482754,0 10.894422905440061,45.775460753955755,0 10.894400399022855,45.775463199471552,0 10.894325189213459,45.77547137035365,0 10.8942516197763,45.775483937577917,0 10.894208498716891,45.775491303547184,0 10.894106569098717,45.775519991211716,0 10.89400380008062,45.775571196004712,0 10.893917553003135,45.775635628575621,0 10.893896401764987,45.775662439914342,0 10.893874389029456,45.775690347167192,0 10.893823341912185,45.7757496959942,0 10.893775352807189,45.775804496184769,0 10.893693234559658,45.775895862171772,0 10.893626117692394,45.775955477132328,0 10.893539872040462,45.776019910661539,0 10.893452709973252,45.77605735386522,0 10.893358968396635,45.776090408093353,0 10.893264771000435,45.776109964880092,0 10.893170419551545,45.776125026538821,0 10.893125731936708,45.776134767586719,0 10.893046993077622,45.776136067678806,0 10.892955552680545,45.776142079774267,0 10.892873143925602,45.776129942135071,0 10.892745437286653,45.776109550973196,0 10.892610151354518,45.776102785113316,0 10.892498818810253,45.776091125038441,0 10.89238944018209,45.776066961091125,0 10.892320173574003,45.776045964613076,0 10.891820209210676,45.776071301944917,0 10.891564386543765,45.776062177799687,0 10.891379463651113,45.776076676856619,0 10.891376628722513,45.776076899883442,0 10.890845871420991,45.776260418873989,0 10.890734186062515,45.776365304204816,0 10.890587245759132,45.776503296011107,0 10.890525675406437,45.776498566899022,0 10.89033386329857,45.776483830392522,0 10.889740842289841,45.776588779901303,0 10.88947927031424,45.776635070988483,0 10.888886999103789,45.776739882096678,0 10.888218527844188,45.776726556993104,0 10.887288670555279,45.776998622325479,0 10.886944144460116,45.77731769609408,0 10.886917521215853,45.777342352405519,0 10.886648855043314,45.777591167935562,0 10.886078509488092,45.778119363613314,0 10.885739804301883,45.778633119697851,0 10.885053241850168,45.778917610834647,0 10.884887604744197,45.778986244896437,0 10.884791521251755,45.779165306516433,0 10.884772219419183,45.779201272137144,0 10.88479742265079,45.779217568953669,0 10.884828262479417,45.779237509994928,0 10.884821289366663,45.779246491290273,0 10.884820712750734,45.779247233064595,0 10.884818271686369,45.779248096108752,0 10.884808105862719,45.779260434763813,0 10.884807751505123,45.779260590039044,0 10.884803032923051,45.779266322533033,0 10.884604331974176,45.779348719939783,0 10.884597792286378,45.779351553251708,0 10.884584372516777,45.779357113969532,0 10.88439727357569,45.779399037837898,0 10.884362821940677,45.779404446691871,0 10.884054971343648,45.779452786685823,0 10.883777709388816,45.779599931424521,0 10.883751674468032,45.779612711666175,0 10.88345488418614,45.779758402134313,0 10.883371292859289,45.779848089521529,0 10.883088267955845,45.780169159750699,0 10.882900179632765,45.780382530530034,0 10.882367084094636,45.780706862996567,0 10.882127287217871,45.780799357165769,0 10.88194528300323,45.78086956177242,0 10.881840766002556,45.780903969469179,0 10.881427148161137,45.781040117966874,0 10.880946006169708,45.781146835500117,0 10.8804916639778,45.781257199255379,0 10.88031062773168,45.781392765385199,0 10.880258846472547,45.781506533451015,0 10.880247426213154,45.781531633559723,0 10.880285824016633,45.781651394508771,0 10.880404866048243,45.781812065277158,0 10.880412669634591,45.781824386541217,0 10.880572909794997,45.782077465118242,0 10.880526859707169,45.782358654953192,0 10.880522500276799,45.782371468176883,0 10.880400676100601,45.7827295493531,0 10.88037496934486,45.782805106070811,0 10.880293524078541,45.782998814000102,0 10.880138283956139,45.783368026843313,0 10.880028009664171,45.783475781747974,0 10.87991502932803,45.783586180133135,0 10.879521061493733,45.783891150217556,0 10.879030803885124,45.784211469603285,0 10.878535533847144,45.784576764583854,0 10.878349782012657,45.78479852477578,0 10.878234498443655,45.785132426558548,0 10.878231970661064,45.785503380730866,0 10.878304352194837,45.785866558995515,0 10.878306291851796,45.786121343836285,0 10.878243251534753,45.786282695877432,0 10.878152919863377,45.786376702162585,0 10.877918619257457,45.786553680102898,0 10.877556327337128,45.78680232445916,0 10.87720474063897,45.78705092355996,0 10.877083210691852,45.787268695765945,0 10.877074406293866,45.787519772020424,0 10.877168892967983,45.787972797841121,0 10.876957027490702,45.788284576993405,0 10.876501514865236,45.788248796191404,0 10.874841938171073,45.788344865994361,0 10.874081862075364,45.78840387529258,0 10.874081670765948,45.788403837229119,0 10.873942384989151,45.788374416420254,0 10.87394219130703,45.788374377846139,0 10.873619328750909,45.788173235482908,0 10.873306984541948,45.787945819332307,0 10.873060367832393,45.787886824106543,0 10.872573487347625,45.787952306109524,0 10.872829815005801,45.788565857896629,0 10.872935121558607,45.789037582062065,0 10.87298168518125,45.78953199953235,0 10.872996174743085,45.790034031917642,0 10.873037494613657,45.790543458787063,0 10.873221793766973,45.791546951150963,0 10.873596579932327,45.792950657018316,0 10.873825090095675,45.793421925269392,0 10.873930529154249,45.7939086332267,0 10.874046851318905,45.794417784243038,0 10.874093628573663,45.794938429527832,0 10.874146470445842,45.795552727118711,0 10.87464659086571,45.795813161626981,0 10.875599462417309,45.796442864724675,0 10.87568604203852,45.796558694475564,0 10.875670879733219,45.79667865226682,0 10.875587192305929,45.796944991768825,0 10.875548111560038,45.79744347613709,0 10.875600603902436,45.798009063099833,0 10.87570821741161,45.798072358859493,0 10.876020687318276,45.798307256657502,0 10.87615545629345,45.798419162596232,0 10.876248874922096,45.798729809530421,0 10.876235449281864,45.799097478123933,0 10.876718824436583,45.799674338399363,0 10.876795884492861,45.799888365472057,0 10.876793661815036,45.800032609099979,0 10.87679276999248,45.800090570729928,0 10.876790485945824,45.800596067602527,0 10.876769723747062,45.801610707553344,0 10.876757891256739,45.801826912070261,0 10.876724080684532,45.802444730700472,0 10.876688363961216,45.803096783451991,0 10.876718382438426,45.80323555738579,0 10.876797242374176,45.803329732922585,0 10.877341694082734,45.803657069622638,0 10.87900451145646,45.804656756220098,0 10.879159885050173,45.805006121735865,0 10.87961541297754,45.805241829494285,0 10.879813315782217,45.805344232963037,0 10.879972281141644,45.805591435060528,0 10.880038331120959,45.805694170053371,0 10.880490745805892,45.805873510793866,0 10.880931102682476,45.806142630905917,0 10.880949857506392,45.806212628917486,0 10.880950226224817,45.806214009101801,0 10.880950246814114,45.80621408402564,0 10.881027447012455,45.806502866494093,0 10.881296393698882,45.806774435402353,0 10.882130995483049,45.807533253288355,0 10.882330928617234,45.807703108824221,0 10.882606808979494,45.807937451353993,0 10.884465553651131,45.808958427884022,0 10.88471138390093,45.80909281647557,0 10.885437525861009,45.809489816848455,0 10.885958715224918,45.809820484200237,0 10.886434736583698,45.810122488249014,0 10.886758261474121,45.81036531914274,0 10.886953676232281,45.810511991539109,0 10.88723596906171,45.810859124855284,0 10.887305983905168,45.810945205323328,0 10.887481697645354,45.811272547447295,0 10.887530009003015,45.811362549038151,0 10.887742019314112,45.81186584487719,0 10.887757114427433,45.812289106971932,0 10.887639839986862,45.812969784384471,0 10.88740421809656,45.813195433582685,0 10.887069425365898,45.813516089458354,0 10.886549174312147,45.813833083942619,0 10.886528891441879,45.813845442311539,0 10.885791977754501,45.814279446342077,0 10.88514583915109,45.814659111320992,0 10.884702799485833,45.814936179110944,0 10.884459295260839,45.815088490237386,0 10.884023095408015,45.815336879472611,0 10.883751697794894,45.815491441728348,0 10.882828489000207,45.815990163069166,0 10.883057654022197,45.816699130824333,0 10.883253170828217,45.817303997499344,0 10.882865628123481,45.817435919791244,0 10.8824418204383,45.817596497701899,0 10.882138492604138,45.817711424928547,0 10.88168777601196,45.817874799642617,0 10.880953823530318,45.818140882451026,0 10.880430812343468,45.818298231724896,0 10.880152195928058,45.818382078640646,0 10.87948490371017,45.818594350461034,0 10.878317156724377,45.818963946189186,0 10.877753681761147,45.819142943556258,0 10.877628699523505,45.819182543772484,0 10.876923117167378,45.819406674898126,0 10.876500873217076,45.819546087467479,0 10.876338833843644,45.819599573149695,0 10.876558764613884,45.819753619610267,0 10.876782934745659,45.819985280842076,0 10.877067457128108,45.820224351811873,0 10.877193657477827,45.820342909694261,0 10.877278485221479,45.820422605369764,0 10.877443456330274,45.820567090202999,0 10.877426469299946,45.820606634568513,0 10.877417834923664,45.82062672769586,0 10.877464373282137,45.820704348598049,0 10.877537218672101,45.820795578228164,0 10.877587354148472,45.820907519074701,0 10.877643922502624,45.821007986187787,0 10.87767085044508,45.821087983429919,0 10.877699087645029,45.821307618693346,0 10.877713742463227,45.821474665884011,0 10.87768277861124,45.821662529010396,0 10.877641739296054,45.821822965454956,0 10.877633083062536,45.821946624811453,0 10.877627889546428,45.822090870096602,0 10.877642005233771,45.822200688590208,0 10.877665661791257,45.822280703337114,0 10.877686196179026,45.822376755306742,0 10.877721045284749,45.822603230168532,0 10.877751437054021,45.82270381437985,0 10.877785337387586,45.822829564338186,0 10.877809212761466,45.822932471785812,0 10.877846125599936,45.823030736478906,0 10.877905971161532,45.823131187459445,0 10.878015201397785,45.823263454200792,0 10.878078209688242,45.823352443925522,0 10.878128776848056,45.823510166215669,0 10.878131061685231,45.823524434597886,0 10.878149636269814,45.823640555591318,0 10.878124489003564,45.823750558667264,0 10.878099101862102,45.823835376308431,0 10.878080630725572,45.82395908222243,0 10.878126971840926,45.82403899415516,0 10.878186887146599,45.824123413428872,0 10.878260168303346,45.824260427500278,0 10.878352975463722,45.824385905742744,0 10.878406065155152,45.824463494297667,0 10.878475836175005,45.824575345815319,0 10.878538912685682,45.8246711995303,0 10.878598954782357,45.82479225183009,0 10.878648941201995,45.824888165848257,0 10.878663599428217,45.825055214967833,0 10.878619378080748,45.825224821233029,0 10.878610591625018,45.825334746482895,0 10.878596593670666,45.825586628634127,0 10.87861163961761,45.82579487848821,0 10.878652646305047,45.825980115972889,0 10.87875673769353,45.826261211270442,0 10.878861796460694,45.826645315210541,0 10.878972907110271,45.826976736719779,0 10.879070003111938,45.827209790766801,0 10.87915964941908,45.827346725609146,0 10.879295031897268,45.827474296652198,0 10.87948651767117,45.827651965870743,0 10.879755186058837,45.828033021267977,0 10.879871210567197,45.828190439499323,0 10.879970531976328,45.828311307125396,0 10.880046901762853,45.828427704310741,0 10.880156035820432,45.828548525079114,0 10.880271636429661,45.828660161634097,0 10.880351105267776,45.828758227021851,0 10.880420607041309,45.828840316176944,0 10.880489845297468,45.828894934379122,0 10.880581890029593,45.828938003031546,0 10.880587234763329,45.828940554171766,0 10.880667367777198,45.828978811432876,0 10.880733528268264,45.829054046630375,0 10.880816425055967,45.829168121342072,0 10.880902981149569,45.829323386785582,0 10.880999377418906,45.829480896322643,0 10.88110245045849,45.829652108978742,0 10.881175851561244,45.829800566154077,0 10.881252377738667,45.829932984825035,0 10.881297019952465,45.830010953921885,0 10.881325581917446,45.830060839121003,0 10.88139868207381,45.830177249672666,0 10.881451761191116,45.830252548830551,0 10.881491132298336,45.830305053294438,0 10.881542491822611,45.830387941053708,0 10.881544714018546,45.830391758772841,0 10.881577745874422,45.830423655032263,0 10.881607477512148,45.830453276351271,0 10.881713567230349,45.830597002502714,0 10.881763287401013,45.83066315613155,0 10.881833267887663,45.830795604772469,0 10.881873640291516,45.830912169085757,0 10.881900751407194,45.831010480671999,0 10.88195090613177,45.83112241747321,0 10.882044141302611,45.831291385671349,0 10.882134235894549,45.831474103328318,0 10.882253832394435,45.83166126364052,0 10.882399586288095,45.831846010659469,0 10.882528740007229,45.832005652753921,0 10.882654778798086,45.832181334666998,0 10.882830052991789,45.832372810982861,0 10.882959601993214,45.832573658638637,0 10.883043653165432,45.83280905568737,0 10.883121749367589,45.833106290316074,0 10.883169610716035,45.833321254857644,0 10.883204312451479,45.833529413292382,0 10.883268750312912,45.833767190861217,0 10.883299879743765,45.833943315538043,0 10.883298503970005,45.834029176538465,0 10.883297821159248,45.834071523807104,0 10.883260044496492,45.834229655789109,0 10.88321580784868,45.834396976307062,0 10.883178465454831,45.83449937219833,0 10.883129671560367,45.834633171596629,0 10.883085846316272,45.834729757705531,0 10.883049519005608,45.834809818448463,0 10.883038119998686,45.834833528932158,0 10.882978904240487,45.834956659512834,0 10.882904732968118,45.835073756288175,0 10.882820565953214,45.835172585596801,0 10.882716699008972,45.83526464344375,0 10.882644148445708,45.835341861541465,0 10.882600043165516,45.835388806810343,0 10.882489801714964,45.835499205016312,0 10.882386040594708,45.835602706211439,0 10.882263269519028,45.835772681278513,0 10.882137358746018,45.835956407371071,0 10.882001775877185,45.836156203836353,0 10.88174010061671,45.836521414147782,0 10.881730233470266,45.836538253115123,0 10.881633800419173,45.836702760884776,0 10.881520997130535,45.836888714455732,0 10.881414605305675,45.837060902983019,0 10.881394768052946,45.837097063469393,0 10.881327727082642,45.837219263412827,0 10.881237767816977,45.837398245353143,0 10.881196779719023,45.837493212240595,0 10.881127376622887,45.837656535500287,0 10.881071089683429,45.837772166357922,0 10.880983170942395,45.837929843205472,0 10.880964868841012,45.837962667880468,0 10.88092001777976,45.838065892544819,0 10.88084904717906,45.838176105005694,0 10.880784168686057,45.838238218313187,0 10.880728890835305,45.838277390395902,0 10.880654060264625,45.838325815343524,0 10.880556427191427,45.838385786915701,0 10.880462002348041,45.838438881421425,0 10.880361356532156,45.838526338625073,0 10.880299962628991,45.838611327926778,0 10.880268009381808,45.838693890583464,0 10.880243088667939,45.838761679961159,0 10.880223330098524,45.838815424541551,0 10.880187568871163,45.838907513151526,0 10.880169000563933,45.838955320959016,0 10.880150248958861,45.83904926768745,0 10.880183778828028,45.839133812388852,0 10.880240286729405,45.839225118344963,0 10.880303276259678,45.839309527471364,0 10.880369407961705,45.839380187063377,0 10.880465153271416,45.839466731712584,0 10.880584047721953,45.839578350911729,0 10.880606941469582,45.83963193499708,0 10.880654336855972,45.839742846945782,0 10.880675253773518,45.839877815714701,0 10.880696123324967,45.840008204134051,0 10.880732320395106,45.840082501463208,0 10.880749531481895,45.840117839757418,0 10.880858393314668,45.840206610561452,0 10.880888215565358,45.840231519762703,0 10.880983772304393,45.840311329158006,0 10.881056969773898,45.840436897099131,0 10.881130480881861,45.840566232838178,0 10.881133531707297,45.840571606438019,0 10.881230036054488,45.840738269942129,0 10.881312864870763,45.840843186271783,0 10.881404925526443,45.840886254485127,0 10.881529595226999,45.840915431622868,0 10.881684020825906,45.84097652086519,0 10.881891216164414,45.841078567225615,0 10.882167772620749,45.841246679160818,0 10.882444861297865,45.841469728745615,0 10.882632826901583,45.841615359434698,0 10.882850146957303,45.841749407208781,0 10.883054591198333,45.841906408728747,0 10.883223140553206,45.842075025155957,0 10.883355679525238,45.842243807122522,0 10.883490863022024,45.842346188560605,0 10.883665312673514,45.842446098439908,0 10.883832839419503,45.842507121990529,0 10.884033103205638,45.842567992088242,0 10.884134522167979,45.842597827298235,0 10.884193955973707,45.842615310957044,0 10.884331917587982,45.842665027225991,0 10.884453815634989,45.842746866880695,0 10.884522593910463,45.842826881039613,0 10.884602771853048,45.842920150486933,0 10.884807491405741,45.843104617845299,0 10.885038806313995,45.843332454727367,0 10.885328789240853,45.84353254312358,0 10.885582367798579,45.843691596764408,0 10.885868907899154,45.843873386465788,0 10.886115858166516,45.844023315240221,0 10.886283983653085,45.844146142130199,0 10.88637014367394,45.844255617664487,0 10.88637947631077,45.844476269245668,0 10.886380389192182,45.844497852291241,0 10.886311272933552,45.844660311845139,0 10.886211491092904,45.84478288598249,0 10.886068811623485,45.844925489919042,0 10.8859419514969,45.845010790709559,0 10.885854046832494,45.845061565841505,0 10.885814746251551,45.845087101821974,0 10.885775956808409,45.845112295888327,0 10.885701848903869,45.845236264096741,0 10.885676268189833,45.845300480361686,0 10.885589038260571,45.845422222106386,0 10.885550019537193,45.84544987552173,0 10.88547173477254,45.845480004247221,0 10.88539018189009,45.845510145659468,0 10.885321765880184,45.845544806226997,0 10.885266569629064,45.845593138053857,0 10.885247999486568,45.845705399317922,0 10.885265653493803,45.845840379782061,0 10.88528744999058,45.846066912048883,0 10.885295764917672,45.84625230160578,0 10.885274746790952,45.846451561015797,0 10.8851909839334,45.846593887435112,0 10.885090745354182,45.846724844189787,0 10.884990415428788,45.846846643420413,0 10.884734977811299,45.847182072872151,0 10.884608763804279,45.847336040345375,0 10.884489031857518,45.847483114484099,0 10.88436253303532,45.847607325316986,0 10.88422280799818,45.847717863598966,0 10.88411235276352,45.847807662349737,0 10.884011758510587,45.847901991536133,0 10.883898180961893,45.848007828514852,0 10.883810922352753,45.848127279580112,0 10.883710932448942,45.848285702854824,0 10.883653335939197,45.848425616692047,0 10.883589402672529,45.848588449929423,0 10.883573945366175,45.848684672595525,0 10.883542511743684,45.84882217120407,0 10.883514070983171,45.848929899502394,0 10.883513838227421,45.848937813581152,0 10.883519934203543,45.849051910262126,0 10.883518033788119,45.849065053733,0 10.883536279115747,45.849104178279013,0 10.883553388115301,45.849140869214516,0 10.883618407407743,45.849232466464997,0 10.883692541763798,45.849325407623354,0 10.883736860817573,45.849402671650779,0 10.883825395862001,45.849552623531345,0 10.883886444605476,45.849645710597528,0 10.883976681626086,45.849727043348707,0 10.884075641368687,45.849760254316671,0 10.884194236227312,45.849793253385265,0 10.884263485961174,45.84981535835982,0 10.884311079588809,45.849825177558685,0 10.884316106531413,45.849826214778858,0 10.884391688544827,45.849839102427019,0 10.884523582519359,45.849851642773338,0 10.884548934835218,45.849853076949564,0 10.884512356468695,45.849819479445493,0 10.884375148623551,45.849688355569967,0 10.884274670193424,45.849588845085876,0 10.884204221560017,45.849514154791649,0 10.884117102962941,45.849425928497162,0 10.884057255496728,45.849385427389954,0 10.884041798096369,45.849370044799436,0 10.883993612893327,45.849322096998272,0 10.883966699520538,45.849290377485609,0 10.883939477795458,45.849244941127978,0 10.883918899125357,45.849204006532531,0 10.883908350681585,45.849172107196381,0 10.883897907154632,45.849144780652992,0 10.883886923840556,45.849104147063812,0 10.883880027351678,45.849078661157826,0 10.883876180989557,45.849053547405624,0 10.883872283423896,45.849026149158306,0 10.883867969944667,45.848985759902455,0 10.883893977841611,45.848910295475484,0 10.883901870396016,45.848873446055272,0 10.883938174629687,45.848766694928337,0 10.883970090528273,45.848685102161603,0 10.884005776500313,45.848650597163115,0 10.884012109614623,45.848627676119506,0 10.884015248725911,45.848613924942413,0 10.884081803952396,45.848382403429802,0 10.884166287245227,45.848315617885952,0 10.884279911113707,45.848214360998817,0 10.884423016743725,45.848115250168945,0 10.884627998960136,45.847981512240857,0 10.884722435777567,45.84792841967554,0 10.884842953220502,45.847863751803594,0 10.885015282358804,45.847739324712087,0 10.885171262091905,45.847617264094666,0 10.885262209397823,45.847541291217219,0 10.885389010922434,45.847449127929082,0 10.885522183479518,45.847338618913412,0 10.885655115116293,45.847202927181925,0 10.885752102811766,45.847074275438715,0 10.885858825163281,45.846936420966642,0 10.885959018332757,45.846800884820027,0 10.886068795813008,45.846640123003333,0 10.88615255645729,45.846497795426139,0 10.886217592652226,45.846401699139008,0 10.886332601404254,45.846261089670172,0 10.886395194797361,45.846194474956242,0 10.886479760089154,45.846136847456449,0 10.886600446001848,45.846090491158179,0 10.88680936370924,45.846027700667328,0 10.887044427676404,45.845960203827673,0 10.887243659127497,45.845911190661425,0 10.887511547208268,45.845852696775317,0 10.887825174115799,45.845784827419493,0 10.888080274229095,45.845758440526751,0 10.888289866866343,45.845766608628381,0 10.888502650100596,45.845765600361204,0 10.888663099911687,45.845769420649248,0 10.888830205034198,45.845784653502257,0 10.889000603936887,45.845802163127331,0 10.889065694948139,45.845813970283309,0 10.889098990653899,45.845820009767863,0 10.889128518539165,45.845826740025451,0 10.889133857046009,45.845832715029076,0 10.889141099157985,45.845840818086593,0 10.889154993759419,45.845856371972125,0 10.889161780189388,45.845881520988144,0 10.889129461101978,45.845925170980522,0 10.889038589148146,45.846008013278059,0 10.888963782171139,45.846058731308908,0 10.888827125149735,45.846146366179738,0 10.888674124491237,45.846236372425047,0 10.8885634996855,45.846307862081787,0 10.888345485527489,45.8464462432717,0 10.888273924508143,45.846494658102245,0 10.888247912155453,45.846513093405306,0 10.888238310667258,45.846536030815912,0 10.888206013675214,45.846581968263315,0 10.888202130058399,45.846594104112313,0 10.888196477122905,45.846611772154432,0 10.888212976275213,45.84662543120384,0 10.888262453564451,45.846664115639605,0 10.88831823625301,45.84667758344235,0 10.888390366658392,45.846688691739949,0 10.888498286465818,45.846676735047268,0 10.888549510122214,45.846670516509228,0 10.888596383284687,45.846664823101051,0 10.888645491490156,45.846664592917989,0 10.888747059374882,45.846673269523443,0 10.888812687664455,45.846688983232553,0 10.888812809824557,45.846689015822299,0 10.888937411113474,45.846722729202035,0 10.889048890496028,45.846740518138418,0 10.889183197549047,45.846749036921636,0 10.889297598404944,45.846730181636147,0 10.889473935237357,45.846683561059031,0 10.889647042612243,45.84664153739611,0 10.889741826141083,45.846625064097864,0 10.889872614214992,45.846608419687556,0 10.890000196945211,45.84659865451917,0 10.890157594783206,45.846625381555349,0 10.890262748590656,45.846666087280049,0 10.890420564773684,45.846736305958771,0 10.890499485065853,45.846772559607189,0 10.890611246978677,45.846820100660558,0 10.890726089081058,45.846847025302893,0 10.890824407498043,45.846858007873806,0 10.891226977061084,45.846846936878755,0 10.89146896507035,45.846818314859547,0 10.891710835251617,45.846778250545817,0 10.891962465538027,45.846731268571553,0 10.892282439725358,45.846642754433852,0 10.892579654491986,45.846570373806735,0 10.892844000796792,45.84648441300876,0 10.893265098616986,45.846358784378651,0 10.893356652403037,45.846346903723216,0 10.893455074637608,45.846337123064266,0 10.893477663479139,45.84633487969564,0 10.893628223445246,45.846331872922121,0 10.893883701414072,45.846344387358378,0 10.894106324105563,45.846345612256769,0 10.894297216227089,45.846338185866088,0 10.894374671581343,45.846335175247667,0 10.894587414192859,45.846329576292803,0 10.894823112850103,45.84632845194016,0 10.895019438696908,45.846318356054731,0 10.8951600940667,45.84630623507249,0 10.895292710968668,45.846300801718399,0 10.895493181001651,45.846299039827137,0 10.89556606601797,45.846308870286748,0 10.895631756123787,45.846331448807938,0 10.895674781304884,45.846379313101579,0 10.895724461241569,45.846438597467696,0 10.895787574943911,45.846532151018728,0 10.895837057296164,45.846570832092496,0 10.895904446705103,45.846559181250129,0 10.895923314256608,45.846557424368058,0 10.895946655932629,45.84655080279483,0 10.896063976888668,45.846517518781766,0 10.896164304670684,45.846574354250308,0 10.896495033096551,45.846691629837913,0 10.896359296492847,45.847142652317046,0 10.896335768016641,45.847151415736214,0 10.896359707976117,45.847404741623805,0 10.896710825211132,45.847409440950642,0 10.897061033044137,45.847444216415887,0 10.897170007865503,45.847490200345206,0 10.897356674055672,45.847593754950509,0 10.897641118733491,45.847698115266375,0 10.897904956045521,45.847730451092062,0 10.898387729899767,45.847703629498902,0 10.898441258525928,45.847700653391918,0 10.898636649686686,45.847742587984825,0 10.898841346259472,45.84781965189142,0 10.899003279100146,45.847900304484206,0 10.899167742724584,45.847964350446524,0 10.899319015777619,45.847996759725447,0 10.899824253183837,45.848030295853391,0 10.899913640923025,45.848056889128848,0 10.900205564660382,45.848108376186708,0 10.900355909617813,45.848105873378323,0 10.900651490463671,45.847996367094453,0 10.900770623875696,45.847898168598242,0 10.900825544623983,45.847816610180317,0 10.900833941636547,45.847632226956954,0 10.900894627657472,45.847553633050474,0 10.901304761035981,45.847540234514057,0 10.901412507438454,45.847553920347451,0 10.901441953570572,45.847805626845002,0 10.901488174915205,45.847888292672792,0 10.901520960903728,45.847996112127618,0 10.901669063816692,45.848328199510661,0 10.901771638342455,45.848715044107628,0 10.901753753441055,45.848949805684008,0 10.901657816001412,45.849101264631109,0 10.901621340994396,45.84930069259962,0 10.901613229538059,45.849538715039252,0 10.90162496314864,45.849652285125046,0 10.901684055072508,45.849851833875825,0 10.901619665353806,45.849893677183481,0 10.901750019312379,45.850078900456921,0 10.901792279775233,45.850120948089142,0 10.90184796844366,45.850220645607941,0 10.902044611378333,45.850468846067791,0 10.90238180754206,45.850854033119447,0 10.902617787706061,45.851081056064793,0 10.903514369572488,45.851820722755214,0 10.904028036480765,45.8523717236111,0 10.904048454971409,45.852411342626361,0 10.90418856938857,45.852520162331352,0 10.904349708955703,45.852761662231011,0 10.904483193522257,45.853026932343028,0 10.904543657613921,45.853194416304959,0 10.90459355150635,45.853501221732813,0 10.904651185141741,45.853751736976356,0 10.90467440493714,45.853823814805146,0 10.904718326680889,45.853960146692067,0 10.904837449278808,45.85422709844768,0 10.904902282456415,45.854300001255929,0 10.904997567136046,45.854419738390369,0 10.905039747969029,45.854591124730163,0 10.905048528735531,45.854848123323748,0 10.905091082673847,45.855136061142403,0 10.905108963994481,45.855538721274094,0 10.905167918294719,45.856144373759214,0 10.90510613178925,45.856850505596107,0 10.905089254604047,45.856884451854043,0 10.90509128780719,45.856936352235124,0 10.905362971779192,45.856868993733833,0 10.905606910134939,45.856826489589253,0 10.906163044400254,45.856824227422202,0 10.906117253444608,45.856841192724495,0 10.906896728681145,45.856928627299666,0 10.907148344323417,45.85698265762305,0 10.907698219950381,45.857241509313958,0 10.908041500395743,45.857455836089741,0 10.908583000822052,45.857861173431459,0 10.908670794387087,45.857919647688654,0 10.908598457386201,45.857955150717927,0 10.90856692646765,45.857989970249889,0 10.908463376421006,45.858253796119911,0 10.908413082467854,45.858489191080452,0 10.908405805547991,45.858683092742879,0 10.908508327829272,45.859145447138324,0 10.908681189036775,45.85964155109793,0 10.908695617147986,45.859777037022766,0 10.90869037706682,45.860241012157715,0 10.908713089609067,45.860467988985491,0 10.908700378360789,45.860683672879425,0 10.908669833054626,45.860863743672631,0 10.908682241418605,45.860880007785525,0 10.908658743203807,45.860897231706893,0 10.908692826660889,45.861064973893328,0 10.908661472157091,45.861229036671325,0 10.908663722269045,45.861294702481281,0 10.908616804338052,45.861478377584191,0 10.908625993625085,45.861509638069471,0 10.908602899609347,45.861523701350308,0 10.908555785158148,45.861727994422154,0 10.908571882802683,45.861731503950544,0 10.908456091519431,45.862161145206407,0 10.908412236537643,45.862193382025069,0 10.908266977068262,45.86238697876486,0 10.907906349766593,45.862509831761464,0 10.907684616096189,45.862565561081794,0 10.907234321382004,45.862718531602546,0 10.907051228466996,45.862804303373494,0 10.906796808259109,45.862985412556647,0 10.906767815619684,45.863026669982318,0 10.906664580822238,45.863247558493384,0 10.906698824512697,45.863303329200775,0 10.906669067627256,45.863608494575899,0 10.906649702027014,45.863637349899115,0 10.906643887123879,45.863828888260493,0 10.906661217092832,45.863857221166313,0 10.906650197481145,45.863953080977502,0 10.906669047361119,45.863965637280664,0 10.906671197620229,45.864028514570322,0 10.906647908401149,45.864063195965485,0 10.906661115731113,45.864091505940806,0 10.906666393870948,45.864245778471656,0 10.906651699280394,45.864294535473682,0 10.906655690956944,45.864531721748847,0 10.906643979634543,45.864558381515188,0 10.906656712523796,45.864618111772401,0 10.906648309732757,45.864914728046124,0 10.906665263957901,45.865244586888103,0 10.906708424189992,45.865353851474687,0 10.906709691701742,45.865390913163672,0 10.906755822085429,45.865545492038258,0 10.906763626510987,45.865773613918265,0 10.906543533169684,45.866337213724691,0 10.906515131267362,45.866520130485085,0 10.906851650420258,45.867148866542642,0 10.906836373847677,45.867180624005364,0 10.906847221447835,45.867260457071893,0 10.906823392873722,45.867377412358657,0 10.90668828147423,45.867476426864101,0 10.906295614725229,45.867635448552214,0 10.906081206182646,45.867736504214832,0 10.905991072822573,45.867836024282354,0 10.906077219105965,45.867947725120423,0 10.906163479184814,45.868077692376716,0 10.906209179589455,45.868265042901641,0 10.906282804314216,45.868458673524145,0 10.906288907340679,45.86863714409715,0 10.906342469437321,45.868749113266617,0 10.906556863300926,45.869054161624014,0 10.906890308782364,45.869400785833996,0 10.907016196849712,45.869566633680911,0 10.907031640675363,45.869569886252442,0 10.907220732589764,45.869926121441395,0 10.907462825465295,45.870321159145959,0 10.907600932180111,45.870637022255615,0 10.907678309205361,45.870744364645219,0 10.90776815006611,45.870869591950132,0 10.90784121898378,45.870904145823566,0 10.907964868594572,45.870962458941662,0 10.907964878854488,45.870962620831151,0 10.907967863711747,45.871026778378123,0 10.907971439376253,45.871121613235559,0 10.907972757579635,45.871184592227294,0 10.907953206099018,45.871259856820686,0 10.907927318158645,45.871346375382409,0 10.90790748368596,45.871396993868245,0 10.907887174615428,45.871462192017027,0 10.907889083584411,45.871471666785311,0 10.907883259831417,45.871487169172489,0 10.90784700978719,45.87158364101618,0 10.907845874039971,45.871586669921726,0 10.907822088362385,45.871635289344162,0 10.907821998636088,45.871635471032377,0 10.907805128656486,45.871669242244927,0 10.907758207360649,45.871800644164971,0 10.907680972373148,45.871975400649198,0 10.907621541318939,45.872109879077115,0 10.907584457044242,45.872221523761318,0 10.907511404101337,45.872408874094589,0 10.907401429321508,45.872678475592998,0 10.907385192221927,45.872716301423203,0 10.907345556328529,45.872855744967765,0 10.907323818044301,45.8729034571585,0 10.907226346055513,45.873128768071552,0 10.907170808912527,45.873267315696005,0 10.907166187092555,45.873273389110487,0 10.907144209733826,45.873302286428789,0 10.907144545299891,45.873302393994116,0 10.907144427137961,45.873302549237948,0 10.907217818652654,45.873325946135438,0 10.90730496677288,45.873353726802961,0 10.907418235374321,45.873388990795007,0 10.907587828783218,45.873441671447942,0 10.907810714241082,45.873536155196376,0 10.908100701345603,45.873600402748728,0 10.908267199436438,45.873612003073887,0 10.908334493491724,45.873627472239825,0 10.908407177471862,45.873644947120376,0 10.908683533295335,45.873616024482992,0 10.908696721362308,45.873614642775401,0</coordinates></LinearRing></outerBoundaryIs>
 
      <innerBoundaryIs><LinearRing><coordinates>10.935045922626005,45.771381727731949,0 10.935049292715616,45.771382527229278,0 10.935064543500889,45.771399798720132,0 10.935058617653294,45.771447644970245,0 10.935031868460221,45.771495713960597,0 10.934931186177987,45.77163396057405,0 10.934808784777855,45.771754121921511,0 10.934627389823923,45.771845756534184,0 10.934392527173841,45.771916151763747,0 10.934205530164858,45.771922078635065,0 10.933721818252902,45.77196346224062,0 10.933521305973898,45.772036043505302,0 10.933268419516006,45.772195310269126,0 10.933117622285607,45.772256902933286,0 10.932997171560421,45.772281078764308,0 10.93285024201241,45.7723020110924,0 10.932788528542231,45.772347337706911,0 10.93275394068427,45.772490924846721,0 10.93270829262589,45.77254336107989,0 10.932648745730146,45.772651387819529,0 10.932468746367329,45.77278359011391,0 10.932323599172204,45.772856157264322,0 10.932303961731996,45.77290441247974,0 10.932272561975617,45.772981569812629,0 10.932268520380251,45.773169848893851,0 10.932294699198829,45.773317023166683,0 10.932212803656377,45.773465098934587,0 10.932114296469672,45.77360481571408,0 10.932102207464979,45.773621962029367,0 10.931897134436502,45.773868066409435,0 10.931738593380333,45.774010976807041,0 10.931282446537775,45.774316671296177,0 10.930800062830968,45.774549921407221,0 10.930686659192213,45.774625641380695,0 10.930604496078368,45.774689763618248,0 10.930563866958224,45.774811309529831,0 10.930565267573655,45.774851880443045,0 10.930575842924155,45.775234581626435,0 10.930564615051315,45.775367625399006,0 10.930585520149709,45.775514889214364,0 10.930642816766149,45.775723353626674,0 10.930796081476748,45.776114719967161,0 10.930988535564781,45.776571852424006,0 10.931158636471952,45.77699245778507,0 10.931197824219351,45.77705822393645,0 10.931210913290286,45.777131811373522,0 10.931212696631828,45.777183446988111,0 10.931192759910608,45.777216996914881,0 10.931002973276092,45.777448080053894,0 10.930891856493698,45.777590189270107,0 10.930763526198183,45.777691994118079,0 10.930505597846242,45.777935296563285,0 10.930413143024444,45.778006972972186,0 10.930393714864017,45.778055275701988,0 10.930376451708689,45.77816627893376,0 10.930405308835015,45.778467482865544,0 10.930362710007971,45.778608436251929,0 10.930185493878312,45.77889835242145,0 10.930098944474913,45.778988381167693,0 10.929807293415424,45.779324510433078,0 10.929643206061629,45.779460130280697,0 10.929335864059706,45.779800213078595,0 10.929275157730711,45.779875044083269,0 10.929210071166395,45.779975781399898,0 10.929193793851049,45.780028476228296,0 10.929094461208029,45.780116603721751,0 10.928990635845597,45.780271111727124,0 10.928991604120881,45.78025872509771,0 10.928849324278199,45.780380680223075,0 10.9283986181477,45.780631384081559,0 10.928397041727921,45.780634477668798,0 10.928352956321563,45.780720991316947,0 10.928286478378812,45.781113377149353,0 10.928272222592808,45.781483281651319,0 10.928345787145423,45.781818493849485,0 10.928343960173819,45.782089989914333,0 10.928385118137127,45.782332229138611,0 10.928475974542406,45.782471292011984,0 10.928571634163488,45.782820443505734,0 10.928706042811768,45.783006297186503,0 10.928931321880698,45.783141384977789,0 10.929453961174067,45.783349319588623,0 10.929498843494326,45.783393657612621,0 10.929528766860201,45.783433206938248,0 10.929537008749517,45.78349310360403,0 10.929527056414623,45.783674368191846,0 10.929502870963571,45.78374516209648,0 10.929526485007143,45.783840443020118,0 10.929829279133383,45.784133987986152,0 10.929936153134546,45.784192135575083,0 10.929712144105183,45.784168529956723,0 10.929296401847953,45.784124718881984,0 10.927206342013736,45.783904443536585,0 10.927081219532118,45.784070819271335,0 10.927007195848139,45.784248391302427,0 10.927064309388403,45.784569209819765,0 10.927047573199726,45.784942035826937,0 10.927085048063411,45.785529069433821,0 10.927102756839727,45.785568824946658,0 10.927082660457689,45.785694904736658,0 10.927093811785793,45.785783285361759,0 10.927069760637373,45.786373064206067,0 10.926999568270753,45.786934276946553,0 10.926915364489441,45.787145053330455,0 10.926753922239781,45.787328326397372,0 10.926721789070271,45.78742994636174,0 10.92689150006591,45.787732848686019,0 10.927190983370853,45.788127895493396,0 10.927347277823459,45.788362436630358,0 10.92744251029848,45.788575953372629,0 10.927450029880694,45.788652243798666,0 10.927428711352775,45.788783924527685,0 10.927350879817801,45.78887731302877,0 10.927291905440654,45.788920609530138,0 10.927143790193437,45.788975577203622,0 10.926847705640105,45.788974079316482,0 10.92639670936833,45.788916231513141,0 10.926210185324395,45.788901997741277,0 10.926176691502466,45.788919392702802,0 10.92592792772021,45.788932127934359,0 10.925782734275206,45.788986054462988,0 10.925661269272021,45.789075225318037,0 10.925485145483883,45.78923966182348,0 10.925429108173292,45.789274897237568,0 10.925364605703349,45.789295963651426,0 10.925313559328103,45.789296821952249,0 10.925296356875458,45.789118624719265,0 10.925196175892262,45.788959194495945,0 10.924782768513765,45.788610521623291,0 10.924644352794603,45.78842788141219,0 10.924540483919699,45.788217297604632,0 10.924448995327356,45.787973922786925,0 10.924372695886442,45.787895187886591,0 10.924307084488953,45.787887739584995,0 10.924077362715524,45.787937774088519,0 10.923724805487254,45.788059628225533,0 10.923264257074871,45.788266012715958,0 10.922975524504995,45.788440707594908,0 10.922858669433248,45.788529347726275,0 10.922835712494704,45.788572577148791,0 10.922721529352975,45.788626699258522,0 10.9225845914948,45.788516758398863,0 10.922322679968854,45.788266882170987,0 10.922167995599747,45.788160838914699,0 10.921817816645497,45.787843136966437,0 10.921575196677789,45.787596625994816,0 10.920871823882914,45.786936605352906,0 10.920836555527989,45.786977250651063,0 10.920955774503033,45.787238164988132,0 10.921042425413264,45.787382434684709,0 10.921377052435828,45.788123708624944,0 10.921521761746215,45.788355031797749,0 10.921650380441994,45.788398957631848,0 10.921720677427292,45.788778422736634,0 10.921797208586192,45.788957514976588,0 10.921927397856763,45.789091962273886,0 10.921153695235441,45.789350938157071,0 10.920959231473413,45.789105687882909,0 10.920885126752278,45.789034564549297,0 10.920707691096927,45.788996497162259,0 10.920046712479653,45.788956637413186,0 10.920123313631256,45.789283973142886,0 10.920149149049582,45.789320713317636,0 10.920248651589871,45.789659275690141,0 10.920276164025593,45.790100574650175,0 10.920261214704087,45.790204694968907,0 10.920248895342899,45.790243065041764,0 10.920150634781242,45.790315189212365,0 10.920044877985779,45.790363856841189,0 10.920004103788093,45.790409094588973,0 10.919940101647112,45.790617096590623,0 10.919675991870205,45.790831333690193,0 10.919650434164952,45.790900078231608,0 10.919685157561482,45.791034508416907,0 10.919739539160192,45.791070770106792,0 10.919805516501112,45.791092526057483,0 10.919869180760823,45.791099379678407,0 10.920034078240178,45.791038199247851,0 10.920356419022429,45.791024693308593,0 10.920480032077993,45.790967715047309,0 10.920647132171897,45.790858342830369,0 10.920708077329079,45.790845979403102,0 10.92076575609723,45.790862113470574,0 10.920782772612998,45.790881809855023,0 10.920772028664233,45.790924833980782,0 10.920640575718748,45.791056920745959,0 10.920589571902632,45.791201339442857,0 10.920591469931553,45.791256572642659,0 10.920617765160049,45.791310406402538,0 10.920659932019749,45.791346872670985,0 10.920933637579791,45.791468022758515,0 10.920967671123034,45.791507415462874,0 10.920971597833967,45.791621659997048,0 10.920937016543743,45.791719809003673,0 10.920830229580362,45.791907017235808,0 10.920794856151231,45.791944693979246,0 10.920666971364,45.792004714491988,0 10.92051615353776,45.791884112736163,0 10.920418260363807,45.791776034557877,0 10.920264467083099,45.791568804620965,0 10.920180440617189,45.791403698665988,0 10.91996309796127,45.791447576576431,0 10.919845769330431,45.791429111904627,0 10.919603672508108,45.791332901505612,0 10.919390719913538,45.791197408691517,0 10.918618241756812,45.790619990410093,0 10.918499841794411,45.790562748767833,0 10.918389734677286,45.790544701657019,0 10.91832451296496,45.790548674575213,0 10.917617378659612,45.790825233031732,0 10.917341699816845,45.790953790633566,0 10.9171388132996,45.791111551651767,0 10.917087861197421,45.79117523012637,0 10.917039752690975,45.791201778027578,0 10.916731532422316,45.791507024960453,0 10.916566615391037,45.791642817582833,0 10.91655098907029,45.791678632213369,0 10.916639070771318,45.79167715794739,0 10.916819843712696,45.791564772100735,0 10.917069112025652,45.791461320178307,0 10.917249564344917,45.791437147042579,0 10.917420444645829,45.791463988675162,0 10.917466431123083,45.791491841096239,0 10.917490231387719,45.791701791695829,0 10.917532195971578,45.791743662994598,0 10.917609977466338,45.791749471109902,0 10.917666414461003,45.791725663756992,0 10.917733960042028,45.791673137740013,0 10.917940134231568,45.791371217639146,0 10.918141711051328,45.79128404371032,0 10.918280887006082,45.79142176489006,0 10.918401353525335,45.791704082618217,0 10.918397663253115,45.791847707647669,0 10.918431698155473,45.791887191090019,0 10.918485391403179,45.791903393079274,0 10.918655818628361,45.791872004867571,0 10.918721269265085,45.791870908188251,0 10.918786657295025,45.791875483036392,0 10.91889084940318,45.791904790043588,0 10.919782217796364,45.792313247879726,0 10.919899382855249,45.792514161942769,0 10.920110941092865,45.792653817686308,0 10.920165937034984,45.792737863062399,0 10.920201199248069,45.792977773744063,0 10.9203569472254,45.793346625472857,0 10.920362503806055,45.793392256580432,0 10.920336117465505,45.793455614654121,0 10.920288302259822,45.793490709627996,0 10.920168007848652,45.793498397393719,0 10.919957281372879,45.793424253916001,0 10.919818244159048,45.793414433809424,0 10.919689951148806,45.793485171025999,0 10.919473715130016,45.793658911212596,0 10.919220224825111,45.79357963252955,0 10.919078920772392,45.793567509591362,0 10.918909589562624,45.793604730298348,0 10.918638082936161,45.793735201085298,0 10.918458392813193,45.793770524932356,0 10.918217094808949,45.79393397177958,0 10.918112745631131,45.79402014740517,0 10.918111717977874,45.794226373303346,0 10.917957454924482,45.794492771254816,0 10.917958927595572,45.794535680331869,0 10.917985515268667,45.794598060833671,0 10.917989241795306,45.794706638106199,0 10.917958553456494,45.794802200723467,0 10.917864765497608,45.794888739119578,0 10.917808747315203,45.794921090315569,0 10.917744011503062,45.794939366052027,0 10.917357652586951,45.794951506166534,0 10.917065010793435,45.794995019454198,0 10.91692317240342,45.795034927354592,0 10.916855136541782,45.794930756893308,0 10.916860124118156,45.794779819610127,0 10.916944660843457,45.794671114745569,0 10.917104507695141,45.794563579370802,0 10.917499167968048,45.794354722869741,0 10.917542511829891,45.794305482659148,0 10.917566439745093,45.794241626218451,0 10.917530457342027,45.794194164418414,0 10.917465265335139,45.794165373374305,0 10.917310128543944,45.794158880364989,0 10.916673330667891,45.794214274852564,0 10.916277463726875,45.794106589882894,0 10.916152215284471,45.794108685804126,0 10.915857257044333,45.794242152765399,0 10.915821753075958,45.794279920286023,0 10.915671996655639,45.794452901145753,0 10.915612443242972,45.794682428246354,0 10.915549467423586,45.794752067801724,0 10.915464744988439,45.794877966146629,0 10.915311598084099,45.795030931414423,0 10.915183935507777,45.795206692347612,0 10.915069508361679,45.7953293971525,0 10.914931439115671,45.795393001685618,0 10.914714902796813,45.795434696023193,0 10.9143363351911,45.79547531835761,0 10.914339579220343,45.795487954263521,0 10.914079986431101,45.795509066082232,0 10.913862731282975,45.795681822940516,0 10.913923953024234,45.79638332116108,0 10.914044293654907,45.798267709382102,0 10.913937590035689,45.798501787767911,0 10.913715615015695,45.798988733508992,0 10.913258479737122,45.799217536403638,0 10.912907632679682,45.799318719073128,0 10.912842127608412,45.799337610274016,0 10.912750600394236,45.799371130426763,0 10.912414826391023,45.799353865151801,0 10.912359136691045,45.799361782559316,0 10.911720273187056,45.799410134747227,0 10.911674317137985,45.79941361277595,0 10.910976887422548,45.799397399298719,0 10.910325889800443,45.799380407113901,0 10.90996611517531,45.799339984311885,0 10.909669183639693,45.799196379716498,0 10.909581674138543,45.799163596567169,0 10.909265806797825,45.799045264228738,0 10.908831462097078,45.79876467645915,0 10.908303308520924,45.798457795815906,0 10.908145720505296,45.798391522501916,0 10.908047917389389,45.798350391413024,0 10.908048438531747,45.798339943763189,0 10.908048804524897,45.798332606646404,0 10.908142619067315,45.798290728816632,0 10.908397391750929,45.798252910016345,0 10.908652799983942,45.798237492210866,0 10.908950522944894,45.79818005472702,0 10.909010959710084,45.798156275304592,0 10.90912416192449,45.798144037133206,0 10.909625946688459,45.79786024541955,0 10.909690688662888,45.797841974342134,0 10.909806981335871,45.797777119082923,0 10.909946440862299,45.797674794112979,0 10.910045159813809,45.797502402310407,0 10.910134490203784,45.797202175219127,0 10.910176889958269,45.79689922073797,0 10.910263271764578,45.796693461352838,0 10.910411926119187,45.796472531731645,0 10.910409435017865,45.796399666719964,0 10.910317930875356,45.796293723721831,0 10.910244503315093,45.796118082555232,0 10.910242516787619,45.796059970594236,0 10.91031261332407,45.79599138501527,0 10.910713580791848,45.795804139079593,0 10.911013986296471,45.795562224627325,0 10.911144164710795,45.795425760087134,0 10.911200187354099,45.795393412093802,0 10.91123569497492,45.795355646103516,0 10.911403440362271,45.79501972628124,0 10.911573006002454,45.794936428359605,0 10.91168338719074,45.794781751850188,0 10.911744864430778,45.794641842950284,0 10.911756292585046,45.794562174969542,0 10.911715020198098,45.794438922795166,0 10.911717571693725,45.794393156062135,0 10.912111967270882,45.794100795345422,0 10.912205654358115,45.793973489520909,0 10.912264428812216,45.793780970686427,0 10.912320840109878,45.793760046821937,0 10.912690687868874,45.793705535243149,0 10.913043371292721,45.793717195476624,0 10.913245261951909,45.79374019469148,0 10.913507370564515,45.793793330264748,0 10.913857947467951,45.793901241898531,0 10.914407264614391,45.793966406175151,0 10.91454960967137,45.794005160048322,0 10.91465738471925,45.794056372851813,0 10.914855861272816,45.794096078099535,0 10.914899998483724,45.794039894853952,0 10.914894317691338,45.793994265853861,0 10.914809594141525,45.793902344016352,0 10.914579635084461,45.793822481530746,0 10.913993179975128,45.793683501948664,0 10.913559712320058,45.793593447713711,0 10.913207488201039,45.793486192739131,0 10.913007135477402,45.793402862154451,0 10.912957094974717,45.793369315004291,0 10.912885057519008,45.7932945516663,0 10.912881205604002,45.793182015802955,0 10.91291147879493,45.79310041273348,0 10.913077748904074,45.79295866229004,0 10.913279653407175,45.792865640831373,0 10.913520535178044,45.792802480602667,0 10.913658426704826,45.792730059772005,0 10.913766229076268,45.792590545799868,0 10.913795821054897,45.792522905138547,0 10.913822267872662,45.7925099518514,0 10.913914963097454,45.792383921278343,0 10.914183578555926,45.792101306060296,0 10.914205227314936,45.79203390503514,0 10.914206133838961,45.792031082669048,0 10.914163316812735,45.791971763101756,0 10.91404836860222,45.79187251534259,0 10.913975094412725,45.791739087724267,0 10.914001021482926,45.791658367206416,0 10.91416507125725,45.791545904914223,0 10.914192249455855,45.791505486959977,0 10.914147939083946,45.791462663700123,0 10.913933271354598,45.791396945589433,0 10.913855851501067,45.791345314756683,0 10.913852136517511,45.791236827114275,0 10.914103156871086,45.791203198741449,0 10.914210326322316,45.791199336950704,0 10.914234103367692,45.791176077396315,0 10.914228522278014,45.791133326794771,0 10.914087504480802,45.790952787419073,0 10.913961376661844,45.790846345758695,0 10.913899190555467,45.790818762684282,0 10.913858994000368,45.790753278348937,0 10.913864964248759,45.790739767343446,0 10.915228195797317,45.790040563067429,0 10.915610694980462,45.789864229708485,0 10.915671782780164,45.789833504762925,0 10.915805737160298,45.789879238081618,0 10.915952706774577,45.78987677909727,0 10.915947129561587,45.789593976596933,0 10.915962870260628,45.789576521799631,0 10.915969092383689,45.789480288770996,0 10.915960079939701,45.789457577623807,0 10.915893588971983,45.789413235978273,0 10.915868004099037,45.789312404654709,0 10.915810196613849,45.789296180255995,0 10.915671788648782,45.789274373624039,0 10.915591995599931,45.789213512952337,0 10.915522467973176,45.789219446476373,0 10.915256904667421,45.789245130628615,0 10.915180132411164,45.78921986196724,0 10.915138069353258,45.789186272481508,0 10.915116059435796,45.789140916269595,0 10.91505436784391,45.789127726863221,0 10.91492519706091,45.789172730815295,0 10.914728841548998,45.789284564336356,0 10.914161595494001,45.789558582094287,0 10.913609035909088,45.789863404275245,0 10.913228029099447,45.79010982281072,0 10.913111018292442,45.790111777768502,0 10.913081595312523,45.790086616851426,0 10.913071930432858,45.790041054150969,0 10.913439702373939,45.789641033542821,0 10.913497360562291,45.789555192322467,0 10.913522491650054,45.78946251380605,0 10.913502664040918,45.789379407519853,0 10.913446729264079,45.789293844304119,0 10.913112968085606,45.789011034612798,0 10.913028910576601,45.788983366277087,0 10.912832368962283,45.788969548026117,0 10.912748653349979,45.788951864685345,0 10.912682358459891,45.788924439438539,0 10.91268040375326,45.788867316867673,0 10.912772897644443,45.788825718224054,0 10.912860443262222,45.788748558908587,0 10.912876503500716,45.788653962004595,0 10.912786253443626,45.788332520215633,0 10.912828839437475,45.788212277769546,0 10.912955935712482,45.788110425491702,0 10.912967518986926,45.787945156883033,0 10.913019513930228,45.787915665636895,0 10.913084831573828,45.787914574407203,0 10.913126470842888,45.787935840750563,0 10.913140576214435,45.787990870145578,0 10.913101121999293,45.788311598587264,0 10.913137863872858,45.788415304275865,0 10.913279598531542,45.788478012141042,0 10.913890220344348,45.788580498385244,0 10.914132431892417,45.788567988926054,0 10.914242093781462,45.788546894008611,0 10.914348912278538,45.788487863048267,0 10.914389415967921,45.788280617015467,0 10.914371649966983,45.788137530913723,0 10.914408810977227,45.78804681169197,0 10.9145312247677,45.78792478394066,0 10.914521526279325,45.787882012020162,0 10.914481841506053,45.787868994265878,0 10.914347367156161,45.78788303354716,0 10.914236387871121,45.787865627065962,0 10.914027936601638,45.787699265983882,0 10.913985512648638,45.787613747200112,0 10.913979833214249,45.787568117943138,0 10.914006240155263,45.787463897197469,0 10.914028701173802,45.787447320134241,0 10.914031250639791,45.787401553331605,0 10.91389132737255,45.787132427205727,0 10.913868179415715,45.787023724097729,0 10.913851666002362,45.787007348570079,0 10.913733231179199,45.786569187616195,0 10.913647629844855,45.786173141726451,0 10.913535661608966,45.786013988075901,0 10.913333239962167,45.785982177288297,0 10.913108482637702,45.785978101818912,0 10.912755245802858,45.785922527168289,0 10.912634386725429,45.78592454592706,0 10.912444977456063,45.785983514717394,0 10.912283860626228,45.785993315960027,0 10.912152448174652,45.785972648348633,0 10.912079823620688,45.785876652134263,0 10.912090865963401,45.785842174599992,0 10.912193848308423,45.785708682841914,0 10.912620707645726,45.785453311248773,0 10.912664144631552,45.785406861521125,0 10.912661359159696,45.785325450561615,0 10.912375297116641,45.785323027528207,0 10.912211425642562,45.785308662738451,0 10.911754124885578,45.785313417963899,0 10.911547536931302,45.785336488602773,0 10.91093246200653,45.7853020205077,0 10.91065125475826,45.785215804877254,0 10.910514337949804,45.785113049382183,0 10.910449730592298,45.785029429509201,0 10.910440038668389,45.784986747412226,0 10.910453339085375,45.784897867217303,0 10.910550545598779,45.784753402556575,0 10.910566355679242,45.78470408411463,0 10.910542621947275,45.784642014359122,0 10.910496484152176,45.784605700584365,0 10.910430487802655,45.784586819821733,0 10.910329912331406,45.784591288138429,0 10.910179379648119,45.784650954445588,0 10.910062677515562,45.784652901140063,0 10.910223034160367,45.784460183313655,0 10.909546164465535,45.784149293451371,0 10.909276074644488,45.784047566452116,0 10.908761561298585,45.783859699716309,0 10.908503963836752,45.783860478093906,0 10.907789704675443,45.783600139281354,0 10.907638534685256,45.783555357020326,0 10.907211707251991,45.783252930592866,0 10.90703606163761,45.782860605572111,0 10.907020901679511,45.782942099965709,0 10.907015211411075,45.783016364303336,0 10.906971045995771,45.783017099812263,0 10.906885236410465,45.783111985775747,0 10.906893042055719,45.78306328112248,0 10.906901262456083,45.783006237961501,0 10.90673762658087,45.783081379610053,0 10.906441192731776,45.783295044456892,0 10.906142130286481,45.783367643908157,0 10.906033328760579,45.783394056037032,0 10.905556673431779,45.783593653236906,0 10.905525269955643,45.783531561009731,0 10.90515400932669,45.783602849548799,0 10.904947617643579,45.78378447006029,0 10.904579523397585,45.78369399704183,0 10.904268006317693,45.783591994858824,0 10.9041048500405,45.783519101152734,0 10.903946619808549,45.783447295128347,0 10.903506538050797,45.783235711276944,0 10.903362780065125,45.78320353768531,0 10.903138030263724,45.783146427726258,0 10.903093264113313,45.783142671160086,0 10.902766814785801,45.783132524772967,0 10.902778557728203,45.782725402010428,0 10.902782022590056,45.782666071741048,0 10.902797656929941,45.782398354523707,0 10.903150598480682,45.78241220105253,0 10.90338599752247,45.782419449686969,0 10.903549479546632,45.782468036773821,0 10.903893151748775,45.78255719202447,0 10.904142652415413,45.782627210304817,0 10.904403658926519,45.782574265512544,0 10.904458356404589,45.7825752645874,0 10.904463057647963,45.78219635326284,0 10.904138055945355,45.782206631282861,0 10.904067682408897,45.781926885542795,0 10.904045014763561,45.781805211188143,0 10.904048970485185,45.781734105526205,0 10.904052387308756,45.781672679893141,0 10.904074185838766,45.78128082907277,0 10.904548706327434,45.781345309939347,0 10.90488499229393,45.781349977245199,0 10.90503089676535,45.781350880185848,0 10.905039765736834,45.781309148795238,0 10.905338944814037,45.781119564213896,0 10.905329913760541,45.781039517066588,0 10.905548099078867,45.780960819682299,0 10.905703867409215,45.780964550358988,0 10.905876258964085,45.780968679285841,0 10.906223872388953,45.780981586813382,0 10.90622267634873,45.781047970941145,0 10.90653981058575,45.781053132200022,0 10.906668321624462,45.780559096963501,0 10.906596061965999,45.780496950810658,0 10.906457898929839,45.780378713432043,0 10.906164646023885,45.780074057004903,0 10.906262983905719,45.779686278604899,0 10.907057189032157,45.778784408471438,0 10.907107789178493,45.77856249169308,0 10.907121111032021,45.778504066816218,0 10.907169297889515,45.778250509841115,0 10.907195282999607,45.778113774144842,0 10.907310014848559,45.777730859632364,0 10.90738010235714,45.777618869002374,0 10.907753429611821,45.777464471472911,0 10.907969661302031,45.777372220621238,0 10.908094866393663,45.777328866604407,0 10.908418473330833,45.777217511759943,0 10.908552645655238,45.777192134038053,0 10.908773715176817,45.777193691863289,0 10.909032378125692,45.777218018083438,0 10.909285842941172,45.777257895557653,0 10.909349722243478,45.777282891390691,0 10.909412151270946,45.777313352629605,0 10.909429685223357,45.777347426172838,0 10.909418684964553,45.777384839659142,0 10.909366781621463,45.77742293504177,0 10.909301630853921,45.777432612924684,0 10.909183208384437,45.777440314976033,0 10.908998559952794,45.777426210471404,0 10.908801836151536,45.777418034515563,0 10.908532464355625,45.777439707579859,0 10.908406642850082,45.777470442949834,0 10.908274060729465,45.777522664594471,0 10.908207075558904,45.777577079366282,0 10.908211281745274,45.77770033399544,0 10.9094053680538,45.777671753951481,0 10.909859841949455,45.777830164661594,0 10.910616889988134,45.77809403394329,0 10.911113632919264,45.778267169730363,0 10.911648485443804,45.778453584741776,0 10.912640537298604,45.778647098277879,0 10.913688073477211,45.778470506403359,0 10.913794886916776,45.778452499304898,0 10.913796465581681,45.778451811322888,0 10.913925070302071,45.778395775355712,0 10.913951543216895,45.778384240532269,0 10.913960665509336,45.77834282879536,0 10.913990310226241,45.778208253506378,0 10.914026963329794,45.778041860686344,0 10.914046378501762,45.777953721679189,0 10.914159996116144,45.777770725601513,0 10.914591124355914,45.777857495990055,0 10.915966353881748,45.778134266477259,0 10.916088607555828,45.778158869510087,0 10.916801024980549,45.778196905608873,0 10.917365290252535,45.778199675196767,0 10.917640767375635,45.77810462835221,0 10.918156193755973,45.77802992925254,0 10.918383160882396,45.777977316256489,0 10.918483906094501,45.777953962578614,0 10.918505494367505,45.777940762229022,0 10.918759379819122,45.777785521111475,0 10.918790321071448,45.777766601751942,0 10.918761877075008,45.777705766398419,0 10.918703057209129,45.777579964035262,0 10.918604746764139,45.777369698428558,0 10.918563397372125,45.777184253887661,0 10.918864505027582,45.776810460739647,0 10.919099311973818,45.776518968864139,0 10.919127020859831,45.776484570003888,0 10.919200028148929,45.776459361807781,0 10.919865428027293,45.776229607062753,0 10.920092454611121,45.776162201770916,0 10.920239596488438,45.776067713775475,0 10.920343566723378,45.775974089592083,0 10.920343116706904,45.775851269496606,0 10.920323590923402,45.775685684800088,0 10.920314697208076,45.775610265043497,0 10.920301914720131,45.775501864305781,0 10.920325842976176,45.775364593047179,0 10.920457974236829,45.775228436759043,0 10.920647358873758,45.775066201026632,0 10.920710276131212,45.774978036100805,0 10.920756379918469,45.774834087426427,0 10.920762108084142,45.774658608256054,0 10.920737138181696,45.774527374578291,0 10.920723835115988,45.774140050484739,0 10.920761799920927,45.774009544007335,0 10.921042035616747,45.773888572304294,0 10.921151691409442,45.773783767099005,0 10.921316864964552,45.773602826832125,0 10.921508372226308,45.773584256601715,0 10.921753315773067,45.773614889960399,0 10.921987190396136,45.773685667296874,0 10.922232006746571,45.773815407976194,0 10.92239393457568,45.773982591363144,0 10.922704698924958,45.774322378017757,0 10.922931053159546,45.774553346522374,0 10.923038998229696,45.774627862600362,0 10.923192355302778,45.774699159425474,0 10.923568529811343,45.774788232971638,0 10.923844077297526,45.774843745658828,0 10.923881728816504,45.774841293016038,0 10.92393053523641,45.774830065987523,0 10.923949535892554,45.774815347402722,0 10.923928301573248,45.774596869194013,0 10.923835708542962,45.774226192771444,0 10.923856919780913,45.774211825176444,0 10.923894596507242,45.774186303733366,0 10.923928366534456,45.774163428784426,0 10.924158286386335,45.774098298338522,0 10.92445844068588,45.774007268562102,0 10.924634760009287,45.773947126100147,0 10.924713206266034,45.77386774802752,0 10.924803243463208,45.773688620817055,0 10.924806750390127,45.773676275640931,0 10.92490102222653,45.773286014104038,0 10.924937361227542,45.773120821960369,0 10.924994677248387,45.772976760225085,0 10.92515222214284,45.772794934526303,0 10.925269810724615,45.772599441576332,0 10.925390355496306,45.772333823235812,0 10.925453633683345,45.772112702720896,0 10.925485538906152,45.772001211855923,0 10.925635427927631,45.771822886466026,0 10.92563586790182,45.771822363019659,0 10.925636964305962,45.771821179367613,0 10.925822034516017,45.771621386831796,0 10.926175008483442,45.771530331229449,0 10.926723181733859,45.771450519982835,0 10.927126371129599,45.771422687102181,0 10.927323326226984,45.771451001283047,0 10.927480650108537,45.771565988887602,0 10.927529925492092,45.771643496174278,0 10.927576141659843,45.771716191599531,0 10.927607426800577,45.771892066730302,0 10.927665269052971,45.772019582749834,0 10.92779700297071,45.772052652313228,0 10.927980548257761,45.772042141847287,0 10.92809229058555,45.772004558494892,0 10.928442502502341,45.771908592293663,0 10.928444436669077,45.771905821502102,0 10.928834776180098,45.771940667094839,0 10.929565820218274,45.771964386328783,0 10.930011664576121,45.77193881562664,0 10.930435356809639,45.77176933058562,0 10.930939304317238,45.771436164289028,0 10.931073357064728,45.771337705943388,0 10.931173066570953,45.771239829027053,0 10.931475305046073,45.771036322746426,0 10.931713422467821,45.770966162966126,0 10.932023546205997,45.770990975728886,0 10.93252670955877,45.771132758355392,0 10.932965828893364,45.771161396627072,0 10.933363473014138,45.771232819602588,0 10.933687861571185,45.771173218642069,0 10.934106485566652,45.771106008460571,0 10.934553775057079,45.771122478950623,0 10.934908492664503,45.771194622719996,0 10.934910504608862,45.771197549375572,0 10.935035138848081,45.771378846690148,0 10.935036694669259,45.771378750040917,0 10.935045475722779,45.771378204552278,0 10.935048448367072,45.771381570887442,0 10.935045922626005,45.771381727731949,0</coordinates></LinearRing></innerBoundaryIs>
<innerBoundaryIs><LinearRing><coordinates>10.940362259584894,45.771051330423475,0 10.940563512884953,45.770909636137169,0 10.940802860506132,45.770875508420524,0 10.9410778008506,45.770876845500034,0 10.941875404325529,45.770839234395218,0 10.942448118006395,45.770757348949751,0 10.943017490216322,45.770579327338424,0 10.94343336686803,45.770433975011855,0 10.943791233493934,45.77034972805852,0 10.944385079172246,45.770381699014948,0 10.945349346212149,45.770443426549988,0 10.945540103305566,45.770494282664629,0 10.945917949741036,45.770775380958021,0 10.946049592879323,45.770915096414598,0 10.946060687854118,45.770987050002894,0 10.945866145341332,45.771074533237979,0 10.945687727787242,45.7711316813417,0 10.945690028059479,45.771197773123653,0 10.945693455069996,45.771198279814577,0 10.945693552148883,45.771201069718948,0 10.946021679309446,45.771249583766384,0 10.946485499521502,45.771247688593562,0 10.947085228943648,45.770954903182925,0 10.947429067074708,45.770714575253812,0 10.947874250923482,45.770424421804123,0 10.948100819788943,45.770270258954561,0 10.947952781471184,45.769966179194562,0 10.94783824844105,45.769637479897455,0 10.947948603314776,45.769353038359803,0 10.948089107946029,45.769194332026203,0 10.948428742245762,45.769080322010261,0 10.948521766622425,45.769102214494005,0 10.948586132887405,45.769254622975815,0 10.948588525915826,45.769255500649237,0 10.948742763440789,45.769312069046521,0 10.949095810541611,45.769089613170529,0 10.94930569597428,45.768987439900819,0 10.949518164926136,45.768884008195663,0 10.949925231366471,45.768732771225267,0 10.950207288980044,45.768691881842642,0 10.95044055899718,45.768729981048999,0 10.950590490536323,45.768841645758904,0 10.950694135193588,45.768611421613244,0 10.950962365482283,45.768420468630424,0 10.951476210173757,45.768129125735612,0 10.952081968393891,45.76776406693272,0 10.952493410117214,45.767492505487844,0 10.952766856557178,45.767205267909404,0 10.952768728562809,45.767012854517041,0 10.952822739146606,45.766813505596389,0 10.953547428988607,45.765851420533821,0 10.953468554911009,45.765631768085377,0 10.953675862312604,45.765688913863386,0 10.954064346971901,45.765732599360192,0 10.954584789788163,45.765747208416641,0 10.955063103219103,45.765968076523002,0 10.955303200311798,45.766083365605191,0 10.955478267242633,45.76606800030315,0 10.955562949734613,45.766060567791484,0 10.955672277158282,45.76614195844941,0 10.955905751521072,45.766415916937831,0 10.95620963353031,45.766724675480596,0 10.956558068815195,45.766960328019834,0 10.957116545783117,45.767257779604876,0 10.957392901792625,45.767317639639799,0 10.95758107987306,45.767392346755955,0 10.957756851467304,45.767488075967321,0 10.958045111492016,45.767662788200177,0 10.958196235176768,45.767726026778789,0 10.958507659802377,45.767890742863592,0 10.958690307552375,45.767958926609516,0 10.958998663179832,45.768035929874209,0 10.959188594245719,45.768078019654375,0 10.959438840369444,45.768155298843809,0 10.959599231428967,45.768176497057055,0 10.959764103046979,45.768184645599383,0 10.959937458396199,45.768145444585187,0 10.960379790654072,45.767959916724706,0 10.960554779593455,45.767888964033261,0 10.960732773664922,45.767845052193337,0 10.960906149721135,45.767830831987425,0 10.961154481986048,45.767871042979571,0 10.961514456395706,45.767970276699344,0 10.961535515528059,45.767970924883421,0 10.961543669862968,45.767974530838835,0 10.961693452175322,45.767999390827541,0 10.961920985174247,45.768006462800244,0 10.962172208422842,45.76801861353109,0 10.962457035144155,45.767997075834643,0 10.962765061566152,45.767993489383407,0 10.963159028710912,45.767958202568856,0 10.963451245351285,45.767951571581122,0 10.963990928861428,45.767955517306575,0 10.96422495209128,45.767999872428078,0 10.964383146155946,45.768041040454996,0 10.96456734158374,45.768153070238846,0 10.96468829799629,45.768249729005476,0 10.964804521117488,45.768341028893012,0 10.964830454581675,45.768370124247475,0 10.964953001182241,45.768508794488476,0 10.965215437278356,45.768705009486709,0 10.965338898018617,45.768805334078642,0 10.96548938610621,45.768910387138071,0 10.965762197177648,45.769130905100383,0 10.965957272467369,45.769287279192824,0 10.965972477557072,45.769331591076892,0 10.966006121256335,45.769396836440507,0 10.96599199715377,45.769440960945907,0 10.965860957480331,45.769503548477594,0 10.965745097225613,45.769539288017256,0 10.965695213054266,45.769545014411342,0 10.965596363752951,45.769561112792083,0 10.965504094808443,45.769577818194769,0 10.965450559199935,45.76958782806134,0 10.965278148358301,45.769604018784548,0 10.965121687857991,45.769615107576271,0 10.964964940963382,45.769654688994038,0 10.964755955939994,45.769729583431818,0 10.964462347633043,45.769849811402494,0 10.964292140595582,45.769913069269336,0 10.964044373351319,45.769999598263098,0 10.963939544341548,45.770029503274685,0 10.963858643906086,45.770067235640511,0 10.963657103391535,45.770131029840087,0 10.963345130774629,45.770174776596427,0 10.963196063101657,45.770170475999322,0 10.962999468339728,45.770151905618391,0 10.962840499877949,45.770088808185939,0 10.962711709385887,45.769992281491497,0 10.962389302260132,45.769738630318834,0 10.962296920349416,45.76967707096729,0 10.962410182012885,45.769950882023522,0 10.962405925619086,45.769994519114647,0 10.962235006292435,45.77039420610366,0 10.962181084894114,45.770598549494949,0 10.962225789349086,45.770703363394723,0 10.962322647865205,45.770780730924514,0 10.96252212271364,45.770861289872528,0 10.962661664379393,45.770883200456616,0 10.962929419647381,45.770831445944332,0 10.963387749546962,45.770672643166471,0 10.963739599757279,45.770646087201314,0 10.96405924051273,45.770654555941043,0 10.964218062677043,45.770595576096071,0 10.96450727069359,45.770440660088326,0 10.964928415226483,45.770259626799067,0 10.965195813358017,45.77017222984616,0 10.965526886230146,45.770099850590924,0 10.965834270733541,45.770070721161744,0 10.966003520736237,45.770099948187138,0 10.966223166729137,45.770256661736532,0 10.966474982480882,45.770516242322032,0 10.966564883383885,45.77063332922819,0 10.966565522303275,45.770651500125211,0 10.966795889491168,45.770864283759273,0 10.966828259250434,45.770936274604281,0 10.966914385108883,45.771501848913942,0 10.96692053353333,45.771691301268916,0 10.966699948884228,45.772144503029885,0 10.966621523315625,45.772430637083723,0 10.966623159692441,45.772820975934557,0 10.966596306100623,45.773037547622806,0 10.966560850125745,45.773075330123206,0 10.96655446023914,45.773124044471224,0 10.966475151440878,45.773308303914675,0 10.966443707295769,45.773343137201877,0 10.966368710623968,45.773532993041513,0 10.966333054722133,45.773565108365418,0 10.966231234301933,45.77381150006341,0 10.966123673256611,45.774132427266892,0 10.966088827395359,45.774282709759689,0 10.966104990187672,45.774727794250687,0 10.966166133824389,45.774882819023325,0 10.966237407450185,45.774985734903147,0 10.966295548930042,45.775051702754354,0 10.966341619221586,45.775085294666304,0 10.966403707911372,45.775109880922372,0 10.966522900932651,45.775130695970986,0 10.966629637540617,45.775170356462013,0 10.966707998964287,45.775167570349595,0 10.966509462777708,45.775359368163947,0 10.965985160985046,45.776214451728478,0 10.965501267683885,45.776803404010316,0 10.965319164526919,45.777053153074782,0 10.965149056483988,45.777380733149343,0 10.965017675707356,45.777734290965654,0 10.96498622824385,45.77776912388147,0 10.964870740108125,45.778036900738662,0 10.964816783877499,45.778196241511914,0 10.964728960960548,45.778585144859136,0 10.964668773494846,45.778731901283422,0 10.964605905398193,45.778813357546142,0 10.9645503152903,45.77897749665442,0 10.964466222627369,45.779102881226834,0 10.964369431196413,45.779320832099785,0 10.964201949241385,45.779065013497259,0 10.963650550846468,45.77904369606528,0 10.963144434202189,45.779052374846422,0 10.962965946608351,45.779086847775389,0 10.962796166243113,45.779134852730053,0 10.962447964722383,45.779288885106844,0 10.962123590112125,45.779557448857318,0 10.96203790154982,45.779685198903067,0 10.961804600867115,45.779847611428139,0 10.961669482229622,45.779904741425973,0 10.960826240141055,45.780156357427742,0 10.960327176439783,45.780238079900649,0 10.960099302519673,45.780261962937821,0 10.959701263153013,45.780337722520969,0 10.959700260890241,45.780408216255324,0 10.959670718971646,45.780706739689045,0 10.959551689397211,45.780951439613794,0 10.959328325967556,45.781335367347708,0 10.959034055086148,45.781641480614887,0 10.958873385389046,45.781902103643397,0 10.958798146433494,45.782115450412796,0 10.958778167945407,45.782250174843149,0 10.958775742916348,45.782339288814015,0 10.95876945147479,45.782570483600686,0 10.958797822080239,45.782792769117115,0 10.958865313325171,45.782923656628078,0 10.958930011041721,45.783022549055936,0 10.9589741639089,45.783057226206971,0 10.95902706487581,45.783112337061226,0 10.95905322184235,45.783157613776794,0 10.959032380103331,45.783146539307474,0 10.959231634783206,45.783428906687121,0 10.95929441473095,45.783575806028267,0 10.959440013295676,45.783824707829531,0 10.959577042748919,45.783972226668617,0 10.959650607380247,45.784004721063695,0 10.959663123812073,45.784013147359794,0 10.959678950258185,45.783998565305254,0 10.960169043957409,45.78395354298506,0 10.960318846188736,45.783958988959945,0 10.960539008103044,45.783993562830872,0 10.960608326251256,45.784062672423595,0 10.960733852843314,45.784146211026247,0 10.960833021869401,45.784178805815387,0 10.960897834764554,45.784163474541757,0 10.960997581746399,45.784098850412882,0 10.961023948361614,45.784032692883024,0 10.961135196434048,45.783866882133793,0 10.961156658858739,45.783858953967972,0 10.961208271890628,45.783867070616417,0 10.961240099853372,45.783908919382164,0 10.961328813137092,45.784131160710558,0 10.961212235955191,45.784277080779759,0 10.961214454511946,45.784340318649754,0 10.961278622895776,45.78445695044077,0 10.961444176510877,45.784691286527597,0 10.961474324306289,45.784762236700928,0 10.961471614921479,45.784802336828285,0 10.961444376545357,45.784839977030629,0 10.961372439177611,45.784886933718738,0 10.961405492971766,45.784897708267572,0 10.961478005863366,45.784969823025165,0 10.961719313508224,45.785148585766571,0 10.961815375603196,45.785212579731393,0 10.961900567134274,45.785269331827458,0 10.962058632707462,45.785235210279303,0 10.962095988907908,45.785207759439899,0 10.962133252302548,45.785180376759349,0 10.962294413696871,45.784622443276106,0 10.962327145040154,45.784389480761966,0 10.962324975266499,45.784210401470638,0 10.962343084617441,45.784147265130407,0 10.96234798409386,45.783946012484869,0 10.96239917224537,45.78388338945129,0 10.962455379501165,45.783853803445723,0 10.962498300775477,45.783837856377957,0 10.962617824466253,45.783856599775241,0 10.963144461064012,45.784104995309939,0 10.963561015759499,45.784390919722505,0 10.963701485775871,45.784544495172078,0 10.963749811297223,45.784660407336304,0 10.963731945761479,45.784785375161412,0 10.963645447017344,45.784827902585917,0 10.963565220939746,45.784829278423665,0 10.963413740248951,45.78474681805703,0 10.963307799650998,45.784730273100358,0 10.963231808571086,45.784797282036202,0 10.963233735650439,45.784852154085385,0 10.963193228628171,45.784881921317421,0 10.963044403669773,45.784845769368992,0 10.962851025605747,45.784834053199496,0 10.962711238486357,45.784861111756882,0 10.962655556878827,45.784902029924325,0 10.962564712366586,45.784989365022419,0 10.962549988174347,45.785035341637986,0 10.962581017658605,45.785175312945761,0 10.962593900142791,45.785199204771061,0 10.962702248210931,45.785400145949254,0 10.962669735455853,45.785474419948841,0 10.962549397854286,45.785601144316871,0 10.962408563203285,45.785660713318045,0 10.962438937168399,45.785712397711798,0 10.962678491001723,45.785914320609855,0 10.963154595515356,45.786239819409616,0 10.963493573569613,45.786389721494707,0 10.963876238574359,45.786528648194249,0 10.96408778894881,45.786605450794816,0 10.964348553385253,45.786634550669461,0 10.964329363803515,45.786520856030492,0 10.964309396151343,45.786402550925629,0 10.964324219949338,45.786359452505543,0 10.96440024327574,45.786315304421166,0 10.964465756017667,45.786319850817094,0 10.964637897315422,45.786375042778836,0 10.964777697813163,45.786384884910902,0 10.96487487169049,45.786338573259542,0 10.9648938092968,45.786295404457107,0 10.964891099480313,45.786218313677928,0 10.9647374156041,45.786029413178014,0 10.964727581003887,45.785983857700856,0 10.964725819956394,45.785933753421951,0 10.964838212532964,45.785815353859803,0 10.965023294210379,45.785795886289215,0 10.965146071577754,45.785804580128648,0 10.965418035415285,45.785870568490964,0 10.965718825240831,45.786061173195357,0 10.965768414520277,45.786077513283125,0 10.965927284822705,45.786183335809682,0 10.965967500167682,45.786196506450985,0 10.966078724063596,45.786319258199718,0 10.966184621151847,45.786488933351301,0 10.966234959876735,45.786569588897365,0 10.966285252424981,45.786605898531214,0 10.966548517993111,45.786658532465758,0 10.966606836635277,45.786688943862231,0 10.966736324534503,45.786873666878478,0 10.966783105286639,45.786978353217584,0 10.966857102097713,45.787070420611649,0 10.96690351085685,45.787109677096652,0 10.966969126402349,45.78711710084427,0 10.96703320748829,45.787084587077395,0 10.967060571671704,45.787046943390727,0 10.967073743816396,45.786726647643846,0 10.96710100651678,45.786686125710254,0 10.967252846372178,45.786592068380848,0 10.96728831350695,45.786554375424032,0 10.967290819513773,45.786508608135712,0 10.967261743303737,45.786431790702288,0 10.967239000804016,45.786249824428644,0 10.967242388759143,45.786177939569733,0 10.967257207078505,45.786134751283051,0 10.967301175678431,45.786108343309643,0 10.967362574340962,45.786112959018425,0 10.967458725055593,45.786202124997743,0 10.96766544156136,45.786479308878945,0 10.967703419187014,45.78651294925443,0 10.967841149351209,45.786756304959134,0 10.967955442719488,45.78701725490334,0 10.968003262444926,45.787253694920913,0 10.967996642901547,45.787299533067355,0 10.967978210194,45.787309480632182,0 10.96789198574437,45.787458486238094,0 10.967896475255705,45.787472720542922,0 10.967820051043581,45.787505446927007,0 10.967749951237144,45.787600890373376,0 10.967739247504738,45.787644008146337,0 10.967767854445301,45.78774765613057,0 10.967826623312968,45.787805421545208,0 10.967888527626396,45.78782433945851,0 10.967991045512978,45.787798275195051,0 10.96822473441285,45.787763385487118,0 10.968311668171248,45.787777012609077,0 10.968517334009793,45.787936391928774,0 10.968498527282463,45.787979559073221,0 10.968430104509041,45.78800935804172,0 10.968246372186332,45.788012516569822,0 10.968157732915435,45.788045453154474,0 10.968126484563021,45.78808604398575,0 10.968119865040075,45.788131881988996,0 10.968195921188569,45.788201951365082,0 10.968284309406306,45.78823859534409,0 10.968415745814575,45.788259198071607,0 10.968601692476794,45.788264101947576,0 10.969236480465668,45.788158677261855,0 10.969754062756021,45.788162735495291,0 10.969959850510266,45.788183047421882,0 10.97008967648673,45.788157951420999,0 10.970204914069958,45.788116815083576,0 10.97042919868321,45.788099814178423,0 10.970707685397,45.788145965997053,0 10.970888705231239,45.788189924543936,0 10.971089821412557,45.788212744926696,0 10.971198635562013,45.788248495109578,0 10.971258601503774,45.788340081271123,0 10.971446621691195,45.788414701396086,0 10.971544246694183,45.78847971644381,0 10.971621371841803,45.78860548012733,0 10.971463701709476,45.788639968123107,0 10.971158035586104,45.788571063777127,0 10.970697803226217,45.788493298128515,0 10.970498242792123,45.788474500798806,0 10.969674588735716,45.788298755257259,0 10.969513681809284,45.788325375222762,0 10.969588410635664,45.788354062681492,0 10.969958643736877,45.788521139239116,0 10.970374699791822,45.788827479107184,0 10.970650713730416,45.789011386457531,0 10.971039832238848,45.789192085741604,0 10.971411061867913,45.789295954740588,0 10.971656481745175,45.789385607531862,0 10.971722327261503,45.789395814987962,0 10.972149215839842,45.789531035782844,0 10.972608830019007,45.789642019285026,0 10.973126274796289,45.789794848455195,0 10.973431471965689,45.789868435750108,0 10.973645440468969,45.789883379551682,0 10.973973581831315,45.789852520313111,0 10.97418596296402,45.789873520879617,0 10.974413861320786,45.789962299738526,0 10.974842989234668,45.79033536403,0 10.974973032666968,45.790392796475764,0 10.975249118531888,45.790548968888167,0 10.975617707189445,45.790701384076776,0 10.975776450698646,45.790726277587616,0 10.976220069992324,45.790871995575174,0 10.976504449478414,45.790982387455529,0 10.976700304172059,45.79097612623972,0 10.976803001169495,45.790991454647184,0 10.977178005153295,45.791084978769923,0 10.977251756834381,45.791089465707934,0 10.977464386640682,45.791059151305582,0 10.977526834403166,45.791013248640503,0 10.977599182332868,45.790905339256533,0 10.97764392010008,45.790726170120394,0 10.977601989309504,45.790628335143268,0 10.977350048712772,45.790247338595151,0 10.977800453547284,45.790239559283847,0 10.978164723919802,45.790156194071173,0 10.978588587675294,45.790200251681348,0 10.978914625301487,45.790592823669442,0 10.979142098357482,45.790794417829744,0 10.979386558810338,45.790957181930281,0 10.979607214415863,45.790966212499832,0 10.979903089416457,45.791025323294868,0 10.980086828193889,45.791208161045816,0 10.980033820848082,45.791298452065838,0 10.9798940085317,45.791466665050088,0 10.979840514283611,45.791554628068965,0 10.979778490487513,45.791739587593021,0 10.979772902480448,45.791970465278212,0 10.979737329086666,45.792066759307374,0 10.979668934585632,45.792155429769558,0 10.979562755847491,45.79221262064808,0 10.979492012502886,45.792245886808445,0 10.979306595058731,45.792292656406062,0 10.979124893209885,45.792378964680161,0 10.979048286394361,45.792450135386233,0 10.979009419365552,45.792507962429887,0 10.978992237539289,45.792596827389197,0 10.979058846836619,45.792635729757095,0 10.979639379624636,45.792403463647076,0 10.979691641768495,45.792393289034408,0 10.980022008625523,45.792352293166019,0 10.98040920292207,45.792404552085635,0 10.980704485208298,45.792386483129938,0 10.980946378629113,45.792350435384677,0 10.982578632238452,45.791894824295611,0 10.982611868687394,45.791914140609208,0 10.982597159851995,45.791960119508332,0 10.982460861504155,45.792151047014386,0 10.982365655810314,45.792347023131448,0 10.982305420945107,45.792433483996724,0 10.982127875009715,45.792861756786685,0 10.981936883228416,45.793016186735017,0 10.981531284252778,45.793246967738995,0 10.981405980868152,45.793410700749874,0 10.981533517291885,45.793723612500209,0 10.981521542535191,45.793770534020133,0 10.98146485529378,45.793782946245784,0 10.981402607458714,45.793758280977329,0 10.981318990480597,45.79369339188505,0 10.981194150905351,45.793521836479542,0 10.981132209403013,45.793505806410323,0 10.981067217346043,45.793512601464485,0 10.980954902857496,45.793574580216891,0 10.980693376456571,45.793782883353835,0 10.980514595584955,45.793973463129767,0 10.98034299883053,45.794225214117517,0 10.980114523700783,45.794444105264141,0 10.979937808124664,45.794522408129559,0 10.979694506052068,45.794548036973367,0 10.979581605945812,45.794589952650981,0 10.97950187694935,45.794645696055547,0 10.979474745058026,45.794686128780107,0 10.979412801103507,45.794869826516091,0 10.979349630332583,45.794943988062052,0 10.979234915973315,45.795078660432893,0 10.978797772450557,45.79545128938333,0 10.978657466986011,45.795660463137743,0 10.978562890287266,45.795743914821863,0 10.978731219148965,45.795839205017977,0 10.978769917683966,45.795846965462438,0 10.979108746536038,45.79595052151204,0 10.979185407101012,45.796129560611782,0 10.979500387480361,45.796419256431534,0 10.979639780075848,45.796384052928438,0 10.98007905929348,45.7962124898703,0 10.980520659352811,45.796106471866388,0 10.980733231011945,45.79615198469746,0 10.981016660144933,45.796212668091904,0 10.981397859909331,45.796386436057603,0 10.981611539644529,45.796409809579103,0 10.981645047079702,45.79642891412292,0 10.981610461507083,45.796514538125145,0 10.981591148587263,45.79654118976579,0 10.981504767073831,45.796716784398335,0 10.981386498509295,45.796890906358456,0 10.981329563342108,45.796999185589577,0 10.98129894529187,45.797115107051759,0 10.981334800297953,45.797146877232997,0 10.981210435979444,45.797393983405357,0 10.981203601395199,45.797527713024053,0 10.98126018202389,45.797654272078582,0 10.98132713519704,45.797665259989508,0 10.981237232602366,45.797793523859255,0 10.981164636117365,45.797860642641517,0 10.98110380526796,45.797915361021339,0 10.980987989899706,45.797992984904234,0 10.980917279084633,45.798014942816927,0 10.980706543197284,45.79807103470845,0 10.980575792573216,45.798120863943616,0 10.98042940171303,45.798172183231713,0 10.980394852569667,45.798181318557631,0 10.980326171743187,45.798260565853482,0 10.980294820651496,45.798253800282531,0 10.980135239583962,45.798478698139171,0 10.980075908906445,45.798618730749816,0 10.98005394353269,45.798658632078734,0 10.979970024187724,45.798819531988364,0 10.97991276959611,45.798853229480819,0 10.979880585908925,45.798879679377897,0 10.979579555167943,45.799071589232781,0 10.979462163996452,45.799167652611516,0 10.979390521009902,45.799290181186294,0 10.979089227772086,45.799529792590207,0 10.978967361667218,45.799609579091012,0 10.978777249269019,45.799687819307451,0 10.978642475948345,45.799788270659,0 10.978626157578057,45.799822622882317,0 10.978610273278305,45.799869232883523,0 10.978596589771984,45.800033006428038,0 10.978568890327207,45.800186119695951,0 10.978531262066394,45.800333953288032,0 10.978464956809631,45.800497273288094,0 10.978291732034394,45.800722404231571,0 10.978299098644479,45.800820399189504,0 10.978329107932879,45.800897560789814,0 10.978441477333444,45.800989652998723,0 10.978535761606677,45.801011191551282,0 10.978654925104628,45.801020034809326,0 10.978698534719795,45.801041086120506,0 10.979059187187985,45.801029421725936,0 10.979059613372979,45.801031411424582,0 10.979231071422918,45.801014766468896,0 10.979525424581187,45.800896537624403,0 10.979688036203752,45.800768254807394,0 10.979789958989299,45.800717618078544,0 10.979990164658801,45.800648000150389,0 10.980240810239906,45.800687229457083,0 10.980287200539145,45.800718109996176,0 10.980366556660007,45.800938427538313,0 10.980353633717462,45.802098585914941,0 10.980316247740618,45.802231004434027,0 10.98010700293424,45.802212751430289,0 10.979919241543666,45.802226979228934,0 10.9797538835221,45.802292394150953,0 10.979669641435471,45.802279179399441,0 10.979435631235198,45.802175755483034,0 10.978875263991769,45.801813978138334,0 10.978786579901554,45.801769786700667,0 10.97867225014844,45.801771762516047,0 10.978496632046861,45.801849053984142,0 10.978457153189002,45.801889789921105,0 10.978442336418656,45.801932889669445,0 10.978451938737134,45.802003778499106,0 10.978443523103413,45.802171107315452,0 10.978455918264665,45.802251141166821,0 10.978374382466782,45.80231106420915,0 10.978336021790382,45.802375256711201,0 10.978566897365335,45.802550153576298,0 10.978603202368665,45.802562900880766,0 10.978690736848248,45.802604855879395,0 10.978786976477197,45.802690128047246,0 10.97881753563067,45.802743098596608,0 10.97886531126429,45.802742272905192,0 10.978922362482214,45.802868346251721,0 10.979032618465322,45.803011890141207,0 10.979128918519955,45.803098832805716,0 10.97912530360898,45.803199205314954,0 10.979080567484713,45.803218368748652,0 10.979122301749417,45.803249412214406,0 10.97926142329186,45.803330599079885,0 10.979329673840759,45.803409955082756,0 10.979396792831686,45.803508093235315,0 10.979554482006291,45.803813534679222,0 10.979588324020295,45.803939640707164,0 10.97976987213875,45.804227548908983,0 10.979772983651669,45.804453484666666,0 10.979775286034018,45.804518450280881,0 10.979771994262615,45.804521041833922,0 10.979781182150123,45.804653194864805,0 10.979867425276407,45.804791756202526,0 10.979922362398861,45.804842200855866,0 10.979958268893323,45.804933028169593,0 10.979988137559452,45.804969685148343,0 10.980024216542551,45.805087151706587,0 10.980010082668191,45.80517128380324,0 10.979878491662078,45.805220183359502,0 10.979770361133168,45.805241134786129,0 10.979621096791957,45.805336063879352,0 10.979598078863162,45.805376515441559,0 10.979609420265446,45.805467767567237,0 10.979651635891416,45.805504211159231,0 10.979759157642953,45.805542315673364,0 10.979885713108956,45.805540127373177,0 10.980413569856909,45.805393826104357,0 10.980611891448824,45.805390395679268,0 10.980705455806206,45.805405068757366,0 10.98089839660576,45.805464016510079,0 10.981599364058077,45.80589157648641,0 10.981974630779789,45.806032964475442,0 10.982058077617003,45.806110637072017,0 10.982080692343773,45.806167670742298,0 10.981987716319514,45.806390880232719,0 10.982007630650656,45.80649512488818,0 10.982033587093344,45.806537519266897,0 10.982149413124594,45.806653604921337,0 10.982338162406959,45.806779228621018,0 10.982435958324634,45.806956561599435,0 10.982546379135167,45.807054468650648,0 10.982836281681912,45.80704944859847,0 10.982946671915736,45.807066708423058,0 10.983072322354419,45.807136809029203,0 10.983106409209794,45.807176182230236,0 10.983124975698587,45.807238776004581,0 10.983101827782518,45.807279140506353,0 10.983066853378173,45.807294507721387,0 10.982908513240252,45.807242524959442,0 10.98278000430046,45.8072224284371,0 10.982699178360113,45.807262171658579,0 10.982679365457685,45.807349372522637,0 10.982733599017367,45.807379846057273,0 10.982900653231859,45.807365522226448,0 10.982966396448699,45.807375814534637,0 10.983024719326195,45.807409097654912,0 10.983070198176694,45.807475725877481,0 10.982934748112985,45.80763351565902,0 10.982939750773065,45.807662051726062,0 10.982981159295651,45.807675645721361,0 10.98304264119945,45.807663780085001,0 10.983336132977271,45.807545916508282,0 10.983656102635242,45.807398160817542,0 10.983794929768058,45.807350031487388,0 10.983790537307803,45.807338676423434,0 10.983900659904647,45.807333888275515,0 10.984390323939694,45.80721361269039,0 10.984771904986115,45.807130221905389,0 10.984825023706563,45.807129301102684,0 10.985021847777512,45.807148750884643,0 10.985130447056171,45.80718440158013,0 10.985196542052737,45.807237170455473,0 10.985240226448168,45.807347393120423,0 10.98521368040447,45.807407978632,0 10.984924751650736,45.807610645539199,0 10.984905874077652,45.807669748059318,0 10.984931660388135,45.807830415452941,0 10.98490521289426,45.807893789572965,0 10.98486586007748,45.80793443535191,0 10.984773998186446,45.80799318288976,0 10.984628815348385,45.808047184086192,0 10.984363694357796,45.808177520447323,0 10.984180400750841,45.808245592904761,0 10.983863989924046,45.808240004532408,0 10.98371682015866,45.808201871038989,0 10.983498082746713,45.808196029373264,0 10.983189222217066,45.808243593241578,0 10.983064484249923,45.808297148315042,0 10.982992419443645,45.808348080866523,0 10.983020029704713,45.808563892011954,0 10.983067374651453,45.80872292645136,0 10.983179473418565,45.808896950462419,0 10.983288954834912,45.808979121634636,0 10.983372251716311,45.809023403000317,0 10.983608944740933,45.809016512300239,0 10.983673776138827,45.80900107784219,0 10.983717447913062,45.808966028161642,0 10.983879197457911,45.808896439723007,0 10.984105630091292,45.808912317932496,0 10.984203359819888,45.808837537976984,0 10.984213955232216,45.808791630133975,0 10.98419859207921,45.808703328602128,0 10.984135431430815,45.808566530662432,0 10.984145322472617,45.80850803419164,0 10.984234267738474,45.808385251837571,0 10.984329520219937,45.808295123176954,0 10.984448149523779,45.808247163084559,0 10.984951469472769,45.808159681532338,0 10.985304606958671,45.808007295864222,0 10.985592935517305,45.807737042509928,0 10.985781441946848,45.807598490921137,0 10.985966390058865,45.807432278829317,0 10.986107500072762,45.807357914597596,0 10.986314438631078,45.80730347024118,0 10.986773225683983,45.807219813602202,0 10.986976578782198,45.807194863040252,0 10.987382395659727,45.80711635326702,0 10.987516779482315,45.807102589458999,0 10.987582420728813,45.807110000764922,0 10.98767753033199,45.807142642917015,0 10.987679969456019,45.807211186577838,0 10.987492640010203,45.807541797950819,0 10.987416943258173,45.807635190004319,0 10.987224078439914,45.807766889033005,0 10.98706573521839,45.807816261454256,0 10.986974287908573,45.807817848454548,0 10.986795874992932,45.80776612941586,0 10.986648107853647,45.807667794384777,0 10.986569042528549,45.80754711528958,0 10.986594635582344,45.807611747211567,0 10.986505545272449,45.807505913180108,0 10.986447497939304,45.807484058224652,0 10.986284358498652,45.807492649114721,0 10.986220034784196,45.807522297384324,0 10.985884704105334,45.807856823388661,0 10.985857544510734,45.80790013828458,0 10.985681383640378,45.80806016754218,0 10.985449150909218,45.808217748688264,0 10.985188059073083,45.808417953203666,0 10.984728907971499,45.808824918935066,0 10.984697126313939,45.808897566135755,0 10.984749646172359,45.80899926505959,0 10.984866700627036,45.809106145519756,0 10.984884557360457,45.809148679935078,0 10.984874747652775,45.809220316372055,0 10.984852104792511,45.809231419849873,0 10.984820986504719,45.809315486745142,0 10.984824032867012,45.809401211592927,0 10.984870443555209,45.80944325073451,0 10.984884286582405,45.80948873483991,0 10.984950356133924,45.809551585469841,0 10.984984574534653,45.809667012314918,0 10.984953224902592,45.809704729116277,0 10.984817183749657,45.809784314492688,0 10.98475255275806,45.809805416629722,0 10.984622786016072,45.809833408274407,0 10.984335202603177,45.809860624496167,0 10.984212625044311,45.809906222661269,0 10.983723168567515,45.810348272635366,0 10.983501830604164,45.810660834380009,0 10.983307289734304,45.810876353204129,0 10.983176141085496,45.810981503853611,0 10.983076244829801,45.811046149806863,0 10.982963314441283,45.811088069220375,0 10.982719297163611,45.811120917556138,0 10.982441593780091,45.811125726072817,0 10.982257649909007,45.811161313625568,0 10.982175365405386,45.811221783394856,0 10.982082703302964,45.811359749624806,0 10.981910794836326,45.811480636016512,0 10.981907067722679,45.811490373582387,0 10.981837941377869,45.811495298011707,0 10.981715874561095,45.811555313712738,0 10.9819140846176,45.811696640465058,0 10.982060553882114,45.811935367253326,0 10.98173880395011,45.812201499724424,0 10.981455003042042,45.812370469578546,0 10.981157409275607,45.812539677521009,0 10.98116048853502,45.81262647863327,0 10.980914295650843,45.812688641117056,0 10.980524714268279,45.812598875651553,0 10.98026944367145,45.81239139405195,0 10.979985348022025,45.811769548100223,0 10.979940052107402,45.811432269405422,0 10.979366212813233,45.81123235919447,0 10.979195907284794,45.811130387531833,0 10.978518818857545,45.810838999076267,0 10.978162793037223,45.810670290769771,0 10.978091180780199,45.8106715279634,0 10.978088930640306,45.810646556276041,0 10.978046844032011,45.810610199911665,0 10.977968371870924,45.810585813390993,0 10.977837688617489,45.810588070855687,0 10.977530987159506,45.810813437755989,0 10.977449902321748,45.810897015454643,0 10.97737579307419,45.810930428035576,0 10.977310651658289,45.810937223493617,0 10.977133003771135,45.810881696114137,0 10.976993418132409,45.810748824305747,0 10.976992189049922,45.81071410243807,0 10.9769582031134,45.810677515940014,0 10.976876191335215,45.810524028152059,0 10.976887824319547,45.810307268180956,0 10.976910974972412,45.810266814908182,0 10.976906730751097,45.810146907364626,0 10.976852918227483,45.809899234324405,0 10.976876170630387,45.809861659555821,0 10.97691906223355,45.80957172310444,0 10.976815497820828,45.809383774551378,0 10.976667677763585,45.809243573529095,0 10.976599228917843,45.809080490819071,0 10.976596905082411,45.809014824931722,0 10.976623437675004,45.808957211945454,0 10.976704984893573,45.808835823452618,0 10.976827043998142,45.808695463696779,0 10.976843268072356,45.808644779090052,0 10.976862051149281,45.808513673268529,0 10.976801739728481,45.808336858521223,0 10.976593814152015,45.808083745182195,0 10.976479812092064,45.808040799263033,0 10.976341079395265,45.808019071669641,0 10.975757255643689,45.807875773672023,0 10.975659401260923,45.807819947168433,0 10.975558954629809,45.807723571391264,0 10.975484222079997,45.807593719069168,0 10.975442339728678,45.807563029001493,0 10.975402241111953,45.807491804235624,0 10.975288257108588,45.80736559922444,0 10.975156054076146,45.807259150121638,0 10.974942035173768,45.807193715632103,0 10.974750332377685,45.807060569840232,0 10.974684489334416,45.807047394264359,0 10.974636598688379,45.807079722859399,0 10.974634896931484,45.807148068462119,0 10.974646266443717,45.807189590442881,0 10.974540555490131,45.807123522747631,0 10.974287600363128,45.807098090111403,0 10.974140516903734,45.807155249471009,0 10.973922258720501,45.80730798507787,0 10.973931722191239,45.807374859661607,0 10.973887966493816,45.807442651712165,0 10.973769002268341,45.807491877195829,0 10.973686131110089,45.807557860560408,0 10.973769400013419,45.80760359988497,0 10.973850348698575,45.80768413944898,0 10.973899365918621,45.807765229435184,0 10.973496522245201,45.807918663305912,0 10.973566435372449,45.808088776902366,0 10.973514179948689,45.808116989248539,0 10.973480809556859,45.808378266656263,0 10.97349798245639,45.808462388536583,0 10.973363070329217,45.808462230892026,0 10.973198196224795,45.808417897619123,0 10.973116504342581,45.808416822518907,0 10.973013524401837,45.808416114187892,0 10.972941863015025,45.808397485972641,0 10.97288645174077,45.808336368783856,0 10.972837305526255,45.808352112853292,0 10.972839847185792,45.808424072535018,0 10.972854662814438,45.808462888111322,0 10.972846954607148,45.808621109008939,0 10.972811027687898,45.808733319612756,0 10.972743355952042,45.808887923987392,0 10.972677404674958,45.808903009200208,0 10.972453560509486,45.80900434843587,0 10.97233522082321,45.808860864293194,0 10.972237294903621,45.808795674975251,0 10.972021137497665,45.808687968085188,0 10.971743398420104,45.808578441148768,0 10.971497953894628,45.808454045920342,0 10.97143632715575,45.808443675988151,0 10.971408854359105,45.808478442205725,0 10.971414583089075,45.808524067649138,0 10.971744797780007,45.808822248646187,0 10.971777132452955,45.808939782494896,0 10.971797808764972,45.808960398301927,0 10.971800936725936,45.809049002191905,0 10.971765459113559,45.809086696590342,0 10.97171324608809,45.809113337866002,0 10.971499957307103,45.809090548166296,0 10.971333803248061,45.809043094444142,0 10.971132640065246,45.809021085381843,0 10.970314246078711,45.809068834121824,0 10.970217143344849,45.809096247303366,0 10.970135224826141,45.809156431937112,0 10.969846033374955,45.809295069527487,0 10.969617992480362,45.809423293667479,0 10.969550755376279,45.809436331301008,0 10.969452138630436,45.80942083605067,0 10.96932323269124,45.809356627285617,0 10.969117460460803,45.809185640530018,0 10.968973090812087,45.809117197045275,0 10.968844193194522,45.809097001513642,0 10.968795188012988,45.809097844146031,0 10.968400297646344,45.809180780059137,0 10.967998693571372,45.809222966502929,0 10.967742462574687,45.809205048215212,0 10.967496792507902,45.809154455134141,0 10.967187405588222,45.809063372380869,0 10.966841035667491,45.808989215517705,0 10.966441815769494,45.809022354585288,0 10.965799501926696,45.809176766589879,0 10.965626318942679,45.809200081669324,0 10.965480621766668,45.809196192014788,0 10.965226212022326,45.809211719795194,0 10.965109999577377,45.809193552527987,0 10.965000555181941,45.809148266591542,0 10.964984257391208,45.809116683446334,0 10.964962740285692,45.80894405745029,0 10.964945935747469,45.808927334172949,0 10.964592044709903,45.80902710502447,0 10.964301629334585,45.809134966674605,0 10.964161412793796,45.809217389289998,0 10.964039705869816,45.809324786345613,0 10.963901487578978,45.809376211321336,0 10.963720604827238,45.809411176595191,0 10.96345369928471,45.809397122076859,0 10.963085910852381,45.80928839785134,0 10.962974570781283,45.809280675812388,0 10.962926466250638,45.809307152765449,0 10.962987017154965,45.809517633523861,0 10.962980519869461,45.809563468975156,0 10.962876079559726,45.809715482759735,0 10.962749560654707,45.809777596887926,0 10.962581768781673,45.80982988736929,0 10.962435974467514,45.809845257347305,0 10.962286499335875,45.809821806908921,0 10.961935494088079,45.80971090119192,0 10.961827512068455,45.809663246952795,0 10.961712465012221,45.809586641069771,0 10.961658140969176,45.809494683363489,0 10.961620279455389,45.809461039096938,0 10.961565748348635,45.809304549299355,0 10.96142451239856,45.809315228895251,0 10.961160357148746,45.809139333741484,0 10.960786563986611,45.808964241170912,0 10.960607822438064,45.808800932077297,0 10.960339976827855,45.80856352566876,0 10.959983560188219,45.808267136846233,0 10.959894986834996,45.808208154606255,0 10.959807070661187,45.808040068884878,0 10.959830100970008,45.808054175927779,0 10.959864352786687,45.80802901747942,0 10.959791846561306,45.807844212065064,0 10.959675512342871,45.807628023557555,0 10.959585476832205,45.807501122856046,0 10.959496854836365,45.807289770650748,0 10.959495236011383,45.807243624235689,0 10.959578763707166,45.807063978889865,0 10.959553758602967,45.806868459478764,0 10.959317023668641,45.806474044905279,0 10.959236164102759,45.806381190235967,0 10.959222342708594,45.806335702502473,0 10.959163202584964,45.806282349560675,0 10.959140348465089,45.806214154469465,0 10.959204985298552,45.806193066729442,0 10.959484271442065,45.806234011872448,0 10.959734260919459,45.806287248519794,0 10.960036247544055,45.80631493249259,0 10.960066608955337,45.806292630820344,0 10.960073209146064,45.806249674009166,0 10.960059488325138,45.806207065055304,0 10.960003563737327,45.806128005211015,0 10.960014408504055,45.806084975745279,0 10.960066094610394,45.806046917665547,0 10.960228032646377,45.806004092040034,0 10.960413521198037,45.805869594525944,0 10.96040451138863,45.805612865808733,0 10.960081555003354,45.805310207141389,0 10.959593333385117,45.805010376016639,0 10.959627867020496,45.8049456092564,0 10.959794486277707,45.804981281013134,0 10.960217624731078,45.804999690191394,0 10.960384244498776,45.805035361078595,0 10.960651616193337,45.805110980440716,0 10.960774607741357,45.805172239887312,0 10.960854127142955,45.805259896111856,0 10.960987705344731,45.805358777558396,0 10.96108932682001,45.805397810916475,0 10.961166581400629,45.805387936834528,0 10.961237058381572,45.805331644768501,0 10.961288865917295,45.805227428126592,0 10.961527020854072,45.804947383988186,0 10.961529531902787,45.804901616731406,0 10.961507676804011,45.804861937683803,0 10.961222544376602,45.804841259431313,0 10.960943448570941,45.804743250309443,0 10.960317203582054,45.804470808179673,0 10.959942254069423,45.804285239474609,0 10.959900542813406,45.80424076953399,0 10.959927919882816,45.804203127592423,0 10.959998922362532,45.804183820602887,0 10.960315425767154,45.804145099554717,0 10.960477246964418,45.80413944860446,0 10.960541981920478,45.804121238820301,0 10.960573645365718,45.804092073952901,0 10.960551794427618,45.804052484510898,0 10.96036801412235,45.80393844075531,0 10.960186137826952,45.803878638689326,0 10.959934194898498,45.803839117685648,0 10.959314112524236,45.803859360671552,0 10.957923291689461,45.803386936940761,0 10.957791725708679,45.803293777853895,0 10.957760873052383,45.803228599476498,0 10.957757468509207,45.803131449102302,0 10.957739833170061,45.803094577146538,0 10.957693848298778,45.803063950555625,0 10.957661181486507,45.803064509068001,0 10.957613281353719,45.803096740832366,0 10.957503552422205,45.803230118587997,0 10.957439019165099,45.803254083864452,0 10.957361766780421,45.803263955390996,0 10.957229498057341,45.803220492129192,0 10.95716256331826,45.803175912140766,0 10.957136599645343,45.803136392339482,0 10.957133511192593,45.802930686793879,0 10.957115674652211,45.802888057806463,0 10.957079905749978,45.802869857484566,0 10.956958842683028,45.802845014069746,0 10.956898226603663,45.802863241584305,0 10.956831606569413,45.802941517201816,0 10.95682909169293,45.802987284143327,0 10.956798627313731,45.80305072041989,0 10.956746611175243,45.80308302216077,0 10.956649111586245,45.803098999582915,0 10.956516386413316,45.803101267544008,0 10.956167186620366,45.802915426730266,0 10.955468441062729,45.802746895615442,0 10.955274683384214,45.802674597775777,0 10.955055307436583,45.802620378319958,0 10.954994760649843,45.802644274150239,0 10.954967358460099,45.80267759495618,0 10.954944054643244,45.802828036164321,0 10.954946853039704,45.80290800571607,0 10.954890622851817,45.802937588308161,0 10.954829001876547,45.802927119445215,0 10.954766087285613,45.802879679023455,0 10.954729589342517,45.802792814244199,0 10.954637488659236,45.802407711758107,0 10.954398188600045,45.802291545699504,0 10.954346510557587,45.802098100430285,0 10.954341866998298,45.801965357065569,0 10.954343583096522,45.801964096608828,0 10.95441772903129,45.801560142321243,0 10.954340730959483,45.801553402777756,0 10.954275709629577,45.801559881728672,0 10.95398971171474,45.801613085278291,0 10.953753109952201,45.801652022322351,0 10.953302732821848,45.801724136362758,0 10.95294964797848,45.801724789884474,0 10.952603484609675,45.801703847551281,0 10.952264899389553,45.80168009037088,0 10.951949610667199,45.801663988825858,0 10.95194823932178,45.801665122462204,0 10.951947318538137,45.801664296359071,0 10.951689625158066,45.801670836655539,0 10.951493904930826,45.801693501558731,0 10.951341295913776,45.801719726790218,0 10.951301553073813,45.801724699417086,0 10.950782651202751,45.801813004957729,0 10.950544343191773,45.801847132150634,0 10.950446445060017,45.801857390472513,0 10.950446071262732,45.801857554455118,0 10.950446370126183,45.801855244075824,0 10.950286798555462,45.801857962091113,0 10.950194063706279,45.801840212502405,0 10.950409463907379,45.801677615857002,0 10.950435804542055,45.801552602133938,0 10.950131628751086,45.801458990035769,0 10.949918933391002,45.801335859788509,0 10.94993931096772,45.801315910519271,0 10.949925338845986,45.801280595257609,0 10.949801086220733,45.801153099468969,0 10.949769612986,45.801073528189903,0 10.949838872670293,45.800996922026776,0 10.94987290066412,45.800817856503912,0 10.950035320077497,45.800648935745102,0 10.950065402388095,45.800596488607589,0 10.950072006826675,45.800553442262284,0 10.950040683271729,45.800441285565611,0 10.949953818597756,45.800326834567933,0 10.949951388635494,45.800257209526507,0 10.950004579893273,45.800144243443356,0 10.95000166953953,45.80006085548446,0 10.949914954011755,45.79998015509873,0 10.949659430026349,45.799885227105904,0 10.949434682117639,45.799735589835926,0 10.949074160811524,45.799434169565387,0 10.948974339056448,45.799309677146873,0 10.948784812848535,45.799099853691558,0 10.948808256982153,45.798893966126606,0 10.948863303428055,45.798812021927034,0 10.948936830713862,45.798747134713295,0 10.949026394483093,45.798629229720909,0 10.949037017464692,45.798583324768842,0 10.949015778879208,45.798524101040499,0 10.948868556739049,45.798475662127942,0 10.94850871267368,45.798403659094937,0 10.948381270585054,45.798405827704272,0 10.948300607353927,45.798435822962155,0 10.948196999909209,45.79850896211989,0 10.948132169717823,45.798524376576282,0 10.948033380290388,45.798503195239746,0 10.947710558484845,45.798385825644921,0 10.947652265655236,45.798352524091058,0 10.94751067843943,45.798299577325061,0 10.947451003504051,45.798204463440918,0 10.947392980379188,45.798182588344424,0 10.947027406503549,45.798112208227373,0 10.94682229979656,45.798027307687988,0 10.946481557617799,45.797820141292156,0 10.946479592838529,45.797763739586671,0 10.946511052316346,45.797665815984587,0 10.946629021772278,45.797517367249732,0 10.946693009191559,45.797437162250276,0 10.946839704398212,45.797311807053845,0 10.946971294226872,45.797166546829764,0 10.947294312343676,45.796872577643065,0 10.947276190676087,45.796821491168089,0 10.947226135437866,45.796825132660196,0 10.946952412196906,45.796912684720169,0 10.946564163480778,45.797055468080053,0 10.946343773171483,45.79717442478676,0 10.946208979059453,45.797164925019253,0 10.946047215483992,45.797046073365074,0 10.945967223658785,45.796788659247404,0 10.945881828746788,45.796667969412347,0 10.945827327922471,45.796628931964591,0 10.94552564209485,45.796519477886491,0 10.945260996048074,45.796464928941774,0 10.944956190555052,45.796369297460444,0 10.944932788933086,45.796377165632855,0 10.944399097267608,45.796252477381373,0 10.944180300328849,45.796180585710999,0 10.94392452825662,45.796070347814144,0 10.943811342363619,45.796005033201489,0 10.943679818986002,45.795852721831288,0 10.943625809509419,45.795742658545322,0 10.943599120866601,45.795345275595231,0 10.943527031809159,45.795044611652195,0 10.94347916394165,45.794940924628584,0 10.943469870399959,45.794625603695266,0 10.94344906884813,45.794497335062047,0 10.943391051321038,45.794475457684001,0 10.943345234104122,45.794489916394568,0 10.943095362275702,45.794900633989052,0 10.942980012630558,45.795028332649679,0 10.942848748610604,45.795090595538724,0 10.942633331669626,45.795152755725915,0 10.942287589493441,45.795167261698545,0 10.942021849407647,45.795162408164998,0 10.941858320673251,45.795136738946532,0 10.941731136806423,45.795083180843008,0 10.941071486750429,45.794969253698092,0 10.941030723040093,45.79496994471252,0 10.940850188782493,45.795184434242621,0 10.940183117710513,45.795738758087978,0 10.940079500780978,45.79579325866213,0 10.939809301558991,45.795845360684709,0 10.939506097519844,45.795795501673815,0 10.939359351052738,45.795730661089287,0 10.939099096175754,45.79557989462382,0 10.939022401091657,45.795486954850524,0 10.939020715555339,45.795438378984265,0 10.9391109207476,45.795331091827151,0 10.939121551573663,45.795285187647949,0 10.939090328837993,45.795208579394391,0 10.938931897447135,45.794999743045516,0 10.938821410152984,45.794808006309815,0 10.938778431206762,45.794704054521858,0 10.938753523794659,45.794568383884283,0 10.938731788872181,45.794531578511652,0 10.938751574683574,45.794467697734987,0 10.938770431957849,45.794113736307608,0 10.938756827122937,45.794073913018607,0 10.938580988538849,45.793993530865166,0 10.938579809063093,45.793959529765857,0 10.938478839962972,45.793812361568214,0 10.938547232671503,45.793803206658403,0 10.938550803619211,45.793668763977735,0 10.938533678620185,45.793531161352206,0 10.938479363006209,45.793378526909009,0 10.938423710484541,45.793302332170164,0 10.938402569040608,45.793230683365856,0 10.938428341920066,45.793202164364963,0 10.938456592103202,45.793193135486405,0 10.938522539654411,45.793206330344148,0 10.938618983496642,45.793278954598684,0 10.938781721842595,45.793356216394145,0 10.938870805024399,45.793357588278482,0 10.938935860250664,45.793345055519183,0 10.938983663161153,45.793309952930699,0 10.939065146505264,45.793203533529123,0 10.939070815484794,45.793099928101732,0 10.939027817081662,45.792950882602206,0 10.938911379834249,45.792876797507468,0 10.938749613967779,45.792805279663398,0 10.938088851791763,45.792420879731282,0 10.937956078448561,45.792306025983486,0 10.937812875920258,45.79210188084884,0 10.937796287573704,45.79202421432403,0 10.93783575950723,45.791912116157526,0 10.938273543755624,45.79177716479802,0 10.939258168435749,45.791687766606124,0 10.939476321869028,45.791693613042476,0 10.939667814186482,45.791720881889567,0 10.939734028169305,45.791745502435482,0 10.939832974813589,45.79183095445692,0 10.939885868654136,45.79198334235695,0 10.939994788369644,45.792115159090017,0 10.940149314543163,45.792170866391558,0 10.940175372253332,45.792158003593187,0 10.940151580338979,45.79182474626996,0 10.940119954226736,45.791640135229066,0 10.940025295777126,45.791485484773979,0 10.939933024239139,45.791455185162356,0 10.939658989350239,45.79149997119135,0 10.939339301410907,45.791519427402029,0 10.938509165037908,45.791526193688206,0 10.938335094921692,45.791518969257723,0 10.938148412094012,45.791489366562438,0 10.9380753578171,45.791504914242957,0 10.937947899405618,45.791572957509587,0 10.937866752834381,45.791659388617262,0 10.937743910018812,45.791842024005554,0 10.937674644450549,45.791918623177438,0 10.937583678676093,45.791933393543168,0 10.937533695917187,45.791905616697839,0 10.937479729346153,45.791833443181169,0 10.937426463136333,45.791521656060709,0 10.937326994103087,45.791246563758655,0 10.937212415002188,45.791049635521404,0 10.937153379100502,45.791016072277721,0 10.937105457383124,45.79079684628757,0 10.937144369844528,45.790796187990757,0 10.937457901684519,45.790790883369858,0 10.937545730921054,45.790660167312232,0 10.9372901196021,45.790552884628873,0 10.938512352766642,45.789721575192367,0 10.93866563723846,45.789783595026201,0 10.938680813571995,45.789799419165135,0 10.938769838146658,45.789640852793823,0 10.938763729042536,45.789464733476912,0 10.9387549727657,45.789212295975382,0 10.938554643057891,45.789004220457493,0 10.938299198209281,45.788855331920409,0 10.93828042286288,45.788844388197276,0 10.938132543989457,45.788778400803693,0 10.937785793561137,45.788623670532481,0 10.937422529819191,45.788559328401931,0 10.936976779202141,45.788537499444153,0 10.936758201135794,45.788529448273657,0 10.936621908149387,45.788473012793723,0 10.936517756144035,45.788374914642148,0 10.936452916348447,45.788199788417224,0 10.936352072487429,45.787954782151687,0 10.93626086997425,45.787399006593567,0 10.936424330141717,45.787278971109046,0 10.936854316029786,45.786832370424541,0 10.937110931924321,45.786493839494902,0 10.937302108216779,45.786280328495728,0 10.937535412523284,45.786043574456912,0 10.937891979514225,45.78564702637432,0 10.938108927457757,45.785403037947745,0 10.938557030381737,45.785170155882859,0 10.938931861635206,45.784991082265307,0 10.939217331484683,45.784866089452862,0 10.939213388342681,45.784864670447867,0 10.939089955789331,45.784820242495101,0 10.939037989371172,45.784801537861959,0 10.938847139148999,45.784714650978138,0 10.938732290949085,45.784652761410719,0 10.938638246983537,45.784571744915205,0 10.93855873245635,45.784445423329963,0 10.93855239870353,45.784416268928126,0 10.938565611815907,45.784306997773733,0 10.938599996392822,45.784137373380688,0 10.938694696740592,45.784037657063458,0 10.938714495048764,45.78401680974649,0 10.938716540798126,45.784014655952987,0 10.938604862189834,45.783826283722441,0 10.93858538623912,45.783793432355814,0 10.938491969788352,45.783680857835016,0 10.938489277146518,45.783680590335052,0 10.938488808501523,45.783682187744049,0 10.938446080572556,45.783827764739328,0 10.93834794727233,45.783938319084363,0 10.938203753704826,45.784113487346872,0 10.938090179047954,45.784243077854271,0 10.936509828640698,45.784404595883863,0 10.936508941566309,45.784404686493154,0 10.936497506703095,45.78436182767804,0 10.936126771954527,45.78297222736596,0 10.936801984517471,45.781948923172401,0 10.936856931406401,45.781865647483841,0 10.937460684780717,45.780476749409239,0 10.938275855673364,45.778648579170344,0 10.938274858981163,45.778639852842126,0 10.938212480979072,45.778261676266013,0 10.938192782725089,45.77820050846794,0 10.937402393415432,45.777746380801048,0 10.937269921829753,45.777653084484086,0 10.937192301245423,45.777403582857168,0 10.937115900945166,45.777255191390715,0 10.937087489633473,45.777144241902732,0 10.937080209869505,45.777052916213904,0 10.93708907374892,45.777008032220259,0 10.936445210072836,45.776235379336249,0 10.936455165997327,45.775814848535845,0 10.936404046264782,45.775720813769652,0 10.936470826832446,45.775271515811127,0 10.936518593459819,45.775102032292537,0 10.936513898978799,45.774966468812046,0 10.93641721056213,45.774785476849566,0 10.936494557598015,45.774407933578587,0 10.936607305318176,45.774246711747104,0 10.936704236437622,45.774193317288912,0 10.937059187605199,45.774106755526979,0 10.937417211555756,45.773923291559655,0 10.937468372494507,45.773874181355865,0 10.93753220488628,45.773786153072109,0 10.937543797672738,45.773708273645433,0 10.937595953231151,45.773357894299266,0 10.93764235935898,45.77320868489668,0 10.937653569763524,45.773075642680702,0 10.937675375627078,45.773025679001933,0 10.937638258888184,45.772611458161911,0 10.937700873575897,45.772291588510598,0 10.937702015166222,45.772012722746126,0 10.937664789457354,45.771903452332417,0 10.937700923715381,45.771509773888397,0 10.937679198736179,45.771472968022856,0 10.937654245099724,45.771354068884847,0 10.937638069582723,45.771276995452396,0 10.93759838354114,45.771223130083946,0 10.93826549973333,45.771181669067659,0 10.940362259584894,45.771051330423475,0</coordinates></LinearRing></innerBoundaryIs>
<innerBoundaryIs><LinearRing><coordinates>10.991547192885504,45.826651294928418,0 10.991496859248798,45.826912895977628,0 10.991629172952431,45.826858442248124,0 10.991822234184555,45.826834217466491,0 10.992032435880116,45.82687226645249,0 10.992275803053099,45.827003594735935,0 10.992280266546574,45.827128664037126,0 10.992254915327214,45.827254252830095,0 10.992100971311601,45.827538519513084,0 10.991998101744761,45.827582028418156,0 10.991911254855133,45.827656546789271,0 10.991915345727914,45.827771193478057,0 10.99185720090086,45.827813922821875,0 10.991679790308222,45.827858732974249,0 10.991401365413244,45.827999164421875,0 10.991359614362336,45.828083324129238,0 10.991348425109436,45.828187807570274,0 10.991414011643791,45.828353527112071,0 10.991330509690714,45.828521844859182,0 10.991112088068396,45.828671657465442,0 10.990804585554935,45.828833452541133,0 10.990510873756833,45.828963720222141,0 10.990264116564431,45.829155741979882,0 10.990183088357197,45.829207362607328,0 10.990045318835211,45.829295131068406,0 10.989809750859543,45.829382666894276,0 10.98968151824633,45.829551763741307,0 10.989583472452908,45.829730763728911,0 10.98932291530237,45.829954310026551,0 10.98926713747553,45.829965095845964,0 10.989195851437188,45.829909807348152,0 10.989121297436293,45.829738815036968,0 10.988996080756687,45.829574133719177,0 10.988823541181281,45.829337275257423,0 10.988891025632492,45.829137952058211,0 10.989018147976807,45.828937588096565,0 10.989160545907916,45.828747388167471,0 10.989411391099475,45.828670016142667,0 10.989539622585903,45.828500919045212,0 10.989489697152358,45.828355785517559,0 10.989435311509668,45.8280855814237,0 10.989270620667732,45.827650438161761,0 10.989248282445683,45.82744224882309,0 10.989285577090357,45.827233020900863,0 10.98932807276544,45.827169707748176,0 10.989572967483676,45.826925577027218,0 10.989699708787549,45.82671479085392,0 10.989829793367107,45.826597806109731,0 10.990000513343178,45.826365395195261,0 10.990263281643909,45.82620438171417,0 10.990546160139527,45.826189022004719,0 10.990948674675931,45.826182004849542,0 10.991236388679567,45.826302133777141,0 10.991420491619591,45.826444927820155,0 10.991547192885504,45.826651294928418,0</coordinates></LinearRing></innerBoundaryIs>
 </Polygon>
  </Placemark>
<Placemark id="VRPMB2"><name>Parco Locale del Monte Baldo</name><description>Perimetro dell'area protetta</description><styleUrl>#ConfineAltreAree</styleUrl><Polygon><outerBoundaryIs><LinearRing><coordinates>10.965446107936954,45.872121143663115,0 10.965999509992194,45.871921629761118,0 10.966423761073024,45.871799179101657,0 10.9670032881421,45.871639510463545,0 10.967453262347869,45.871545401080297,0 10.968079765733881,45.871315829850964,0 10.968446146152345,45.871188614194182,0 10.969008782393376,45.871017712400949,0 10.969152977077041,45.870433746851802,0 10.969155827924295,45.870047965550654,0 10.968645482456708,45.86936590052904,0 10.967847897598805,45.868717570091633,0 10.967319371097808,45.868220042171394,0 10.966746718370313,45.867872960503199,0 10.966818408088924,45.867802638659953,0 10.967056849248465,45.86778701708586,0 10.967077091457638,45.867660010895186,0 10.966895601384538,45.867421333907075,0 10.966578568710169,45.867311650096781,0 10.965732602185611,45.867159257409327,0 10.965573802429173,45.866862616030438,0 10.965481910499099,45.866870977999895,0 10.964949486580663,45.866919419049559,0 10.964479780391672,45.866850508127882,0 10.963498847311076,45.866706587105277,0 10.962619160691341,45.866276067959966,0 10.961137849728058,45.865995826108318,0 10.96007090298901,45.865491763806389,0 10.959078255551818,45.865426603803989,0 10.958020939802607,45.865532749082462,0 10.957664975806177,45.865654208740125,0 10.957415867088416,45.86574205466642,0 10.957082187430577,45.865815536850896,0 10.956878790164016,45.86591615000134,0 10.956757284853053,45.866046984944951,0 10.956619067299048,45.866162293260082,0 10.956354193604081,45.866261699538072,0 10.956020667778652,45.866339693907697,0 10.955653020636461,45.866458930147182,0 10.955486889019713,45.866515985704936,0 10.955354260627026,45.866606349259101,0 10.955223911782245,45.866669569335563,0 10.955107120751075,45.866750625641977,0 10.95502831464742,45.866808444787203,0 10.95465425326107,45.866923684411844,0 10.954524551769245,45.866955798857454,0 10.954266816774856,45.866996803710137,0 10.954087507293329,45.866994094816057,0 10.953926270808026,45.86695640366213,0 10.953758987254083,45.866903406725832,0 10.953613937175708,45.866776835367382,0 10.953516680407208,45.866663900112442,0 10.953371589385878,45.866657180720701,0 10.953265337530338,45.866631400049087,0 10.953139828019095,45.866619746279305,0 10.952971151421281,45.866691627699595,0 10.952806962885459,45.866703635454073,0 10.952660425816044,45.866655542341881,0 10.952571337317433,45.866555868273416,0 10.952604540992745,45.866375905673848,0 10.952568578133576,45.866289123908395,0 10.9529245901093,45.866056207146819,0 10.952836639020155,45.865993994988386,0 10.952736450392411,45.865956239602163,0 10.952616982757871,45.865932626239832,0 10.952528498085131,45.865906512045619,0 10.95242273150296,45.865870824481142,0 10.952293619782349,45.865813826780268,0 10.952180274827885,45.865723013376176,0 10.952026436721502,45.865605261267547,0 10.951922597836429,45.86554388684916,0 10.951819516303551,45.865504205692936,0 10.951690268746432,45.865443263029171,0 10.951496980611855,45.865328159745715,0 10.951354100350576,45.865281263805642,0 10.951180582233494,45.86524673303574,0 10.950989642474445,45.865198686467203,0 10.950914517913349,45.865150633233064,0 10.950872716450835,45.865086223328909,0 10.950871950575154,45.86498361767093,0 10.950834693168805,45.864887555695368,0 10.950782630785316,45.864772011902573,0 10.950784480095122,45.864663440577402,0 10.950772973574326,45.86457680529351,0 10.950719260388944,45.864494839057265,0 10.950655359324539,45.864444620675968,0 10.950403426608034,45.864510098843191,0 10.95014392086722,45.864601361392616,0 10.949856877740141,45.864793738862275,0 10.949674628255393,45.864913281034752,0 10.949494370213605,45.865009110425326,0 10.949265160297028,45.865159056744936,0 10.949149485818573,45.865243914205003,0 10.949101982334589,45.865339450324512,0 10.949025618866234,45.865455453026755,0 10.948893646177298,45.865910720989589,0 10.948905974861875,45.867205881715094,0 10.947898994709726,45.867618703522311,0 10.948147498679582,45.86837602432135,0 10.94867927781938,45.868971457008499,0 10.949359366994948,45.86958045852397,0 10.950115473998101,45.870362107270793,0 10.950822954260367,45.871143647506187,0 10.951426675866458,45.871714297912362,0 10.95219307749127,45.872222661644912,0 10.952349401217477,45.872520013550009,0 10.95403528645158,45.872754818673108,0 10.95501992530142,45.872820045931789,0 10.955077543357534,45.872814984625116,0 10.95526463344309,45.872885472759116,0 10.955873782920634,45.872957944018538,0 10.956215148665132,45.872915251240087,0 10.956745793358303,45.872629813854566,0 10.957593699084221,45.872366569483816,0 10.958585272186966,45.872064008329183,0 10.958911183834902,45.871957091426047,0 10.959735836282007,45.871970576763928,0 10.960365233461992,45.872056493059553,0 10.960648580018418,45.872051627692706,0 10.961843109922055,45.872270612080577,0 10.962313394424729,45.872331618073609,0 10.96257859331001,45.872373116850305,0 10.963217184235239,45.87253255324417,0 10.963568110818398,45.872761412444575,0 10.963820522386355,45.873001177608565,0 10.963869140819408,45.87308446948937,0 10.963928820605318,45.873095371098302,0 10.96397345177669,45.873130963065599,0 10.964138596440884,45.873139636970336,0 10.964506015273532,45.873041202030549,0 10.964932629731919,45.872751758915783,0 10.965131855086222,45.87255834292678,0 10.965164900420731,45.872413032556828,0 10.965165125106738,45.872333239214335,0 10.965446107936954,45.872121143663115,0</coordinates></LinearRing></outerBoundaryIs> </Polygon>
  </Placemark></Document></kml>
